game_id,league_id,season,game_type,game_date,game_time,game_status,home_team_id,away_team_id,home_score,away_score,point_difference
1,NBA,2022,regular,10/18/2022,7:30 PM,finished,3,21,126,117,9
2,NBA,2022,regular,10/18/2022,10:00 PM,finished,6,12,123,109,14
3,NBA,2022,regular,10/19/2022,7:00 PM,finished,27,17,113,109,4
4,NBA,2022,regular,10/19/2022,7:00 PM,finished,19,25,107,114,7
5,NBA,2022,regular,10/19/2022,7:30 PM,finished,1,8,117,107,10
6,NBA,2022,regular,10/19/2022,7:30 PM,finished,13,0,108,130,22
7,NBA,2022,regular,10/19/2022,7:30 PM,finished,9,7,108,116,8
8,NBA,2022,regular,10/19/2022,7:30 PM,finished,23,5,108,105,3
9,NBA,2022,regular,10/19/2022,7:30 PM,finished,28,15,115,112,3
10,NBA,2022,regular,10/19/2022,8:00 PM,finished,14,24,115,108,7
11,NBA,2022,regular,10/19/2022,8:00 PM,finished,22,29,102,129,27
12,NBA,2022,regular,10/19/2022,9:00 PM,finished,26,4,123,102,21
13,NBA,2022,regular,10/19/2022,10:00 PM,finished,16,2,107,105,2
14,NBA,2022,regular,10/19/2022,10:00 PM,finished,20,18,108,115,7
15,NBA,2022,regular,10/20/2022,7:30 PM,finished,21,11,88,90,2
16,NBA,2022,regular,10/20/2022,10:00 PM,finished,12,10,97,103,6
17,NBA,2022,regular,10/21/2022,7:00 PM,finished,29,0,112,124,12
18,NBA,2022,regular,10/21/2022,7:00 PM,finished,19,22,134,137,3
19,NBA,2022,regular,10/21/2022,7:00 PM,finished,25,7,102,100,2
20,NBA,2022,regular,10/21/2022,7:30 PM,finished,1,17,108,98,10
21,NBA,2022,regular,10/21/2022,7:30 PM,finished,13,23,109,105,4
22,NBA,2022,regular,10/21/2022,7:30 PM,finished,9,3,104,111,7
23,NBA,2022,regular,10/21/2022,7:30 PM,finished,15,27,130,106,24
24,NBA,2022,regular,10/21/2022,8:00 PM,finished,8,28,122,129,7
25,NBA,2022,regular,10/21/2022,8:00 PM,finished,14,26,126,132,6
26,NBA,2022,regular,10/21/2022,10:00 PM,finished,6,4,123,128,5
27,NBA,2022,regular,10/21/2022,10:00 PM,finished,18,16,113,111,2
28,NBA,2022,regular,10/22/2022,6:00 PM,finished,21,22,105,114,9
29,NBA,2022,regular,10/22/2022,7:00 PM,finished,19,27,124,115,9
30,NBA,2022,regular,10/22/2022,7:00 PM,finished,17,3,120,126,6
31,NBA,2022,regular,10/22/2022,8:00 PM,finished,9,23,112,109,3
32,NBA,2022,regular,10/22/2022,8:00 PM,finished,7,5,96,128,32
33,NBA,2022,regular,10/22/2022,8:00 PM,finished,11,8,125,105,20
34,NBA,2022,regular,10/22/2022,8:30 PM,finished,2,28,137,96,41
35,NBA,2022,regular,10/22/2022,9:00 PM,finished,4,24,122,117,5
36,NBA,2022,regular,10/22/2022,10:00 PM,finished,20,10,109,111,2
37,NBA,2022,regular,10/23/2022,3:30 PM,finished,12,18,104,106,2
38,NBA,2022,regular,10/23/2022,5:00 PM,finished,1,29,109,126,17
39,NBA,2022,regular,10/23/2022,7:00 PM,finished,5,25,117,107,10
40,NBA,2022,regular,10/23/2022,7:00 PM,finished,0,26,121,122,1
41,NBA,2022,regular,10/23/2022,8:00 PM,finished,24,14,106,116,10
42,NBA,2022,regular,10/23/2022,8:30 PM,finished,6,20,130,125,5
43,NBA,2022,regular,10/23/2022,10:00 PM,finished,10,16,95,112,17
44,NBA,2022,regular,10/24/2022,7:00 PM,finished,21,19,120,106,14
45,NBA,2022,regular,10/24/2022,7:30 PM,finished,9,23,90,98,8
46,NBA,2022,regular,10/24/2022,7:30 PM,finished,15,17,115,102,13
47,NBA,2022,regular,10/24/2022,8:00 PM,finished,7,3,120,102,18
48,NBA,2022,regular,10/24/2022,8:00 PM,finished,8,26,114,108,6
49,NBA,2022,regular,10/24/2022,8:00 PM,finished,28,13,134,124,10
50,NBA,2022,regular,10/24/2022,8:00 PM,finished,14,22,106,115,9
51,NBA,2022,regular,10/24/2022,10:00 PM,finished,18,4,135,110,25
52,NBA,2022,regular,10/25/2022,7:00 PM,finished,25,27,120,99,21
53,NBA,2022,regular,10/25/2022,7:30 PM,finished,0,2,113,111,2
54,NBA,2022,regular,10/25/2022,8:00 PM,finished,24,10,108,94,14
55,NBA,2022,regular,10/25/2022,10:00 PM,finished,16,6,134,105,29
56,NBA,2022,regular,10/26/2022,7:00 PM,finished,5,17,103,92,11
57,NBA,2022,regular,10/26/2022,7:00 PM,finished,27,1,113,118,5
58,NBA,2022,regular,10/26/2022,7:30 PM,finished,15,29,134,131,3
59,NBA,2022,regular,10/26/2022,7:30 PM,finished,23,21,119,109,10
60,NBA,2022,regular,10/26/2022,7:30 PM,finished,11,13,110,99,11
61,NBA,2022,regular,10/26/2022,8:00 PM,finished,7,19,124,109,15
62,NBA,2022,regular,10/26/2022,8:00 PM,finished,14,22,134,122,12
63,NBA,2022,regular,10/26/2022,9:00 PM,finished,26,8,109,101,8
64,NBA,2022,regular,10/26/2022,10:00 PM,finished,4,12,110,99,11
65,NBA,2022,regular,10/26/2022,10:00 PM,finished,18,9,98,119,21
66,NBA,2022,regular,10/27/2022,7:30 PM,finished,13,2,125,129,4
67,NBA,2022,regular,10/27/2022,8:00 PM,finished,24,10,118,110,8
68,NBA,2022,regular,10/27/2022,10:00 PM,finished,6,9,123,110,13
69,NBA,2022,regular,10/27/2022,10:00 PM,finished,20,28,110,125,15
70,NBA,2022,regular,10/28/2022,7:00 PM,finished,27,1,112,136,24
71,NBA,2022,regular,10/28/2022,7:00 PM,finished,17,29,113,93,20
72,NBA,2022,regular,10/28/2022,7:30 PM,finished,3,5,123,132,9
73,NBA,2022,regular,10/28/2022,7:30 PM,finished,23,21,90,112,22
74,NBA,2022,regular,10/28/2022,7:30 PM,finished,25,19,117,127,10
75,NBA,2022,regular,10/28/2022,8:00 PM,finished,11,15,119,108,11
76,NBA,2022,regular,10/28/2022,8:00 PM,finished,14,12,111,102,9
77,NBA,2022,regular,10/28/2022,8:30 PM,finished,22,7,129,124,5
78,NBA,2022,regular,10/28/2022,9:00 PM,finished,4,26,117,101,16
79,NBA,2022,regular,10/28/2022,10:00 PM,finished,16,0,124,111,13
80,NBA,2022,regular,10/28/2022,10:00 PM,finished,18,8,125,111,14
81,NBA,2022,regular,10/29/2022,6:00 PM,finished,20,9,119,113,6
82,NBA,2022,regular,10/29/2022,7:00 PM,finished,29,6,120,113,7
83,NBA,2022,regular,10/29/2022,7:30 PM,finished,13,19,116,125,9
84,NBA,2022,regular,10/29/2022,8:00 PM,finished,7,21,109,114,5
85,NBA,2022,regular,10/29/2022,8:00 PM,finished,11,1,123,115,8
86,NBA,2022,regular,10/29/2022,9:00 PM,finished,2,24,111,117,6
87,NBA,2022,regular,10/29/2022,9:00 PM,finished,26,28,124,123,1
88,NBA,2022,regular,10/30/2022,3:00 PM,finished,10,0,91,112,21
89,NBA,2022,regular,10/30/2022,6:00 PM,finished,3,25,112,94,18
90,NBA,2022,regular,10/30/2022,6:00 PM,finished,5,15,121,108,13
91,NBA,2022,regular,10/30/2022,6:00 PM,finished,27,6,128,114,14
92,NBA,2022,regular,10/30/2022,7:00 PM,finished,22,14,107,98,9
93,NBA,2022,regular,10/30/2022,7:30 PM,finished,2,17,114,105,9
94,NBA,2022,regular,10/30/2022,9:00 PM,finished,16,8,124,109,15
95,NBA,2022,regular,10/30/2022,9:30 PM,finished,12,4,121,110,11
96,NBA,2022,regular,10/31/2022,7:00 PM,finished,29,20,108,115,7
97,NBA,2022,regular,10/31/2022,7:00 PM,finished,25,21,111,118,7
98,NBA,2022,regular,10/31/2022,7:30 PM,finished,13,19,116,109,7
99,NBA,2022,regular,10/31/2022,7:30 PM,finished,23,1,139,109,30
100,NBA,2022,regular,10/31/2022,8:00 PM,finished,11,27,110,108,2
101,NBA,2022,regular,10/31/2022,9:00 PM,finished,26,28,121,105,16
102,NBA,2022,regular,10/31/2022,10:30 PM,finished,10,8,95,93,2
103,NBA,2022,regular,11/1/2022,7:30 PM,finished,13,7,99,108,9
104,NBA,2022,regular,11/1/2022,7:30 PM,finished,9,6,116,109,7
105,NBA,2022,regular,11/1/2022,8:00 PM,finished,24,17,116,108,8
106,NBA,2022,regular,11/1/2022,10:00 PM,finished,16,14,116,107,9
107,NBA,2022,regular,11/2/2022,7:30 PM,finished,5,3,114,113,1
108,NBA,2022,regular,11/2/2022,6:00 PM,finished,21,25,111,121,10
109,NBA,2022,regular,11/2/2022,7:30 PM,finished,9,20,110,107,3
110,NBA,2022,regular,11/2/2022,7:30 PM,finished,15,1,99,112,13
111,NBA,2022,regular,11/2/2022,8:00 PM,finished,7,29,106,88,18
112,NBA,2022,regular,11/2/2022,8:00 PM,finished,8,10,101,109,8
113,NBA,2022,regular,11/2/2022,8:00 PM,finished,11,27,116,91,25
114,NBA,2022,regular,11/2/2022,8:00 PM,finished,22,23,100,143,43
115,NBA,2022,regular,11/2/2022,8:30 PM,finished,2,26,103,100,3
116,NBA,2022,regular,11/2/2022,10:00 PM,finished,18,28,106,111,5
117,NBA,2022,regular,11/2/2022,10:30 PM,finished,12,0,120,117,3
118,NBA,2022,regular,11/3/2022,7:00 PM,finished,17,6,130,129,1
119,NBA,2022,regular,11/3/2022,8:00 PM,finished,24,4,110,122,12
120,NBA,2022,regular,11/4/2022,7:00 PM,finished,27,5,88,112,24
121,NBA,2022,regular,11/4/2022,7:00 PM,finished,19,9,101,99,2
122,NBA,2022,regular,11/4/2022,7:00 PM,finished,21,15,104,106,2
123,NBA,2022,regular,11/4/2022,7:00 PM,finished,25,13,86,128,42
124,NBA,2022,regular,11/4/2022,7:30 PM,finished,3,7,123,119,4
125,NBA,2022,regular,11/4/2022,8:00 PM,finished,28,29,130,99,31
126,NBA,2022,regular,11/4/2022,8:00 PM,finished,22,10,106,113,7
127,NBA,2022,regular,11/4/2022,8:30 PM,finished,2,23,111,110,1
128,NBA,2022,regular,11/4/2022,8:30 PM,finished,0,6,114,105,9
129,NBA,2022,regular,11/4/2022,10:00 PM,finished,14,11,102,115,13
130,NBA,2022,regular,11/4/2022,10:00 PM,finished,16,18,106,108,2
131,NBA,2022,regular,11/4/2022,10:30 PM,finished,12,26,116,130,14
132,NBA,2022,regular,11/5/2022,5:00 PM,finished,17,20,123,126,3
133,NBA,2022,regular,11/5/2022,7:00 PM,finished,29,13,94,98,4
134,NBA,2022,regular,11/5/2022,7:30 PM,finished,1,0,124,121,3
135,NBA,2022,regular,11/5/2022,7:30 PM,finished,15,3,118,133,15
136,NBA,2022,regular,11/5/2022,8:00 PM,finished,11,24,108,94,14
137,NBA,2022,regular,11/5/2022,8:00 PM,finished,14,8,129,117,12
138,NBA,2022,regular,11/5/2022,9:00 PM,finished,4,22,126,101,25
139,NBA,2022,regular,11/5/2022,10:00 PM,finished,16,18,102,82,20
140,NBA,2022,regular,11/6/2022,3:30 PM,finished,12,5,100,114,14
141,NBA,2022,regular,11/6/2022,6:00 PM,finished,23,7,113,104,9
142,NBA,2022,regular,11/6/2022,6:00 PM,finished,28,25,103,97,6
143,NBA,2022,regular,11/6/2022,10:00 PM,finished,10,26,102,110,8
144,NBA,2022,regular,11/7/2022,7:00 PM,finished,29,25,100,108,8
145,NBA,2022,regular,11/7/2022,7:15 PM,finished,17,8,127,134,7
146,NBA,2022,regular,11/7/2022,7:30 PM,finished,27,24,112,103,9
147,NBA,2022,regular,11/7/2022,7:45 PM,finished,19,0,129,122,7
148,NBA,2022,regular,11/7/2022,8:00 PM,finished,21,16,100,88,12
149,NBA,2022,regular,11/7/2022,8:15 PM,finished,1,11,117,98,19
150,NBA,2022,regular,11/7/2022,8:30 PM,finished,9,18,107,110,3
151,NBA,2022,regular,11/7/2022,8:45 PM,finished,7,23,111,97,14
152,NBA,2022,regular,11/7/2022,9:00 PM,finished,28,3,106,109,3
153,NBA,2022,regular,11/7/2022,9:15 PM,finished,14,15,107,120,13
154,NBA,2022,regular,11/7/2022,9:30 PM,finished,22,4,109,115,6
155,NBA,2022,regular,11/7/2022,9:45 PM,finished,2,13,96,94,2
156,NBA,2022,regular,11/7/2022,10:00 PM,finished,6,20,116,113,3
157,NBA,2022,regular,11/7/2022,10:15 PM,finished,26,12,139,116,23
158,NBA,2022,regular,11/7/2022,10:30 PM,finished,10,5,119,117,2
159,NBA,2022,regular,11/9/2022,7:00 PM,finished,29,18,95,105,10
160,NBA,2022,regular,11/9/2022,7:00 PM,finished,19,4,119,122,3
161,NBA,2022,regular,11/9/2022,5:30 PM,finished,17,2,94,87,7
162,NBA,2022,regular,11/9/2022,7:30 PM,finished,1,26,119,125,6
163,NBA,2022,regular,11/9/2022,7:30 PM,finished,3,27,128,112,16
164,NBA,2022,regular,11/9/2022,7:30 PM,finished,13,15,112,85,27
165,NBA,2022,regular,11/9/2022,7:30 PM,finished,23,8,116,109,7
166,NBA,2022,regular,11/9/2022,8:00 PM,finished,7,0,111,115,4
167,NBA,2022,regular,11/9/2022,8:00 PM,finished,14,16,117,129,12
168,NBA,2022,regular,11/9/2022,8:00 PM,finished,24,11,132,136,4
169,NBA,2022,regular,11/9/2022,8:00 PM,finished,22,28,122,124,2
170,NBA,2022,regular,11/9/2022,10:00 PM,finished,10,12,114,101,13
171,NBA,2022,regular,11/9/2022,10:00 PM,finished,20,5,127,120,7
172,NBA,2022,regular,11/10/2022,7:00 PM,finished,25,2,113,105,8
173,NBA,2022,regular,11/10/2022,7:30 PM,finished,1,21,104,95,9
174,NBA,2022,regular,11/10/2022,7:30 PM,finished,9,29,117,112,5
175,NBA,2022,regular,11/10/2022,8:00 PM,finished,0,18,95,106,11
176,NBA,2022,regular,11/11/2022,7:00 PM,finished,3,4,131,112,19
177,NBA,2022,regular,11/11/2022,7:00 PM,finished,17,16,114,97,17
178,NBA,2022,regular,11/11/2022,7:30 PM,finished,15,27,121,112,9
179,NBA,2022,regular,11/11/2022,8:00 PM,finished,24,23,132,113,19
180,NBA,2022,regular,11/11/2022,8:00 PM,finished,22,11,111,93,18
181,NBA,2022,regular,11/11/2022,9:30 PM,finished,28,14,114,103,11
182,NBA,2022,regular,11/11/2022,10:00 PM,finished,6,5,106,101,5
183,NBA,2022,regular,11/11/2022,10:30 PM,finished,12,20,114,120,6
184,NBA,2022,regular,11/12/2022,4:00 PM,finished,10,13,95,110,15
185,NBA,2022,regular,11/12/2022,6:00 PM,finished,25,26,121,112,9
186,NBA,2022,regular,11/12/2022,7:00 PM,finished,27,3,108,117,9
187,NBA,2022,regular,11/12/2022,7:00 PM,finished,19,23,118,104,14
188,NBA,2022,regular,11/12/2022,7:30 PM,finished,21,1,121,109,12
189,NBA,2022,regular,11/12/2022,8:00 PM,finished,9,29,132,115,17
190,NBA,2022,regular,11/12/2022,8:30 PM,finished,2,18,117,112,5
191,NBA,2022,regular,11/12/2022,8:30 PM,finished,0,8,119,106,13
192,NBA,2022,regular,11/13/2022,12:00 PM,finished,15,24,135,145,10
193,NBA,2022,regular,11/13/2022,6:00 PM,finished,5,14,124,129,5
194,NBA,2022,regular,11/13/2022,6:00 PM,finished,25,28,102,92,10
195,NBA,2022,regular,11/13/2022,7:30 PM,finished,21,26,105,98,7
196,NBA,2022,regular,11/13/2022,8:00 PM,finished,7,4,103,126,23
197,NBA,2022,regular,11/13/2022,9:00 PM,finished,20,6,122,115,7
198,NBA,2022,regular,11/13/2022,9:30 PM,finished,12,13,116,103,13
199,NBA,2022,regular,11/14/2022,7:00 PM,finished,27,23,111,115,4
200,NBA,2022,regular,11/14/2022,7:00 PM,finished,17,29,105,112,7
201,NBA,2022,regular,11/14/2022,7:30 PM,finished,3,24,126,122,4
202,NBA,2022,regular,11/14/2022,7:30 PM,finished,9,16,113,112,1
203,NBA,2022,regular,11/14/2022,8:00 PM,finished,8,10,106,122,16
204,NBA,2022,regular,11/14/2022,8:00 PM,finished,11,1,106,121,15
205,NBA,2022,regular,11/14/2022,10:00 PM,finished,6,22,132,95,37
206,NBA,2022,regular,11/15/2022,7:30 PM,finished,0,28,113,102,11
207,NBA,2022,regular,11/15/2022,8:30 PM,finished,2,10,103,101,2
208,NBA,2022,regular,11/15/2022,9:00 PM,finished,26,15,111,118,7
209,NBA,2022,regular,11/15/2022,10:00 PM,finished,18,22,117,110,7
210,NBA,2022,regular,11/15/2022,10:00 PM,finished,20,13,153,121,32
211,NBA,2022,regular,11/16/2022,7:00 PM,finished,29,19,113,125,12
212,NBA,2022,regular,11/16/2022,7:00 PM,finished,17,14,108,126,18
213,NBA,2022,regular,11/16/2022,7:00 PM,finished,25,24,120,121,1
214,NBA,2022,regular,11/16/2022,7:30 PM,finished,1,3,101,126,25
215,NBA,2022,regular,11/16/2022,7:30 PM,finished,23,9,112,104,8
216,NBA,2022,regular,11/16/2022,8:00 PM,finished,11,5,113,98,15
217,NBA,2022,regular,11/16/2022,8:00 PM,finished,0,7,124,110,14
218,NBA,2022,regular,11/16/2022,8:30 PM,finished,2,8,92,101,9
219,NBA,2022,regular,11/16/2022,10:00 PM,finished,4,15,103,106,3
220,NBA,2022,regular,11/16/2022,10:00 PM,finished,16,6,130,119,11
221,NBA,2022,regular,11/17/2022,10:00 PM,finished,18,13,107,109,2
222,NBA,2022,regular,11/17/2022,10:00 PM,finished,20,22,130,112,18
223,NBA,2022,regular,11/17/2022,10:30 PM,finished,10,27,96,91,5
224,NBA,2022,regular,11/18/2022,7:00 PM,finished,25,9,107,106,1
225,NBA,2022,regular,11/18/2022,7:30 PM,finished,5,29,132,122,10
226,NBA,2022,regular,11/18/2022,7:30 PM,finished,21,11,110,102,8
227,NBA,2022,regular,11/18/2022,8:00 PM,finished,7,17,107,108,1
228,NBA,2022,regular,11/18/2022,8:00 PM,finished,8,19,91,99,8
229,NBA,2022,regular,11/18/2022,8:00 PM,finished,28,24,121,110,11
230,NBA,2022,regular,11/18/2022,8:30 PM,finished,2,4,127,99,28
231,NBA,2022,regular,11/18/2022,8:30 PM,finished,0,3,109,117,8
232,NBA,2022,regular,11/18/2022,9:00 PM,finished,26,16,134,133,1
233,NBA,2022,regular,11/18/2022,10:00 PM,finished,6,15,111,101,10
234,NBA,2022,regular,11/18/2022,10:30 PM,finished,12,27,128,121,7
235,NBA,2022,regular,11/19/2022,6:00 PM,finished,1,23,124,122,2
236,NBA,2022,regular,11/19/2022,7:00 PM,finished,19,17,114,113,1
237,NBA,2022,regular,11/19/2022,7:30 PM,finished,21,14,109,112,3
238,NBA,2022,regular,11/19/2022,10:00 PM,finished,18,26,113,118,5
239,NBA,2022,regular,11/19/2022,10:30 PM,finished,10,22,119,97,22
240,NBA,2022,regular,11/20/2022,3:30 PM,finished,16,15,116,95,21
241,NBA,2022,regular,11/20/2022,6:00 PM,finished,25,29,106,102,4
242,NBA,2022,regular,11/20/2022,6:00 PM,finished,20,27,137,129,8
243,NBA,2022,regular,11/20/2022,7:00 PM,finished,13,28,127,115,12
244,NBA,2022,regular,11/20/2022,7:00 PM,finished,5,9,113,87,26
245,NBA,2022,regular,11/20/2022,7:00 PM,finished,8,6,120,127,7
246,NBA,2022,regular,11/20/2022,7:30 PM,finished,2,4,97,98,1
247,NBA,2022,regular,11/20/2022,9:30 PM,finished,12,22,123,92,31
248,NBA,2022,regular,11/21/2022,7:00 PM,finished,5,1,114,102,12
249,NBA,2022,regular,11/21/2022,7:00 PM,finished,19,17,123,102,21
250,NBA,2022,regular,11/21/2022,8:00 PM,finished,7,3,121,107,14
251,NBA,2022,regular,11/21/2022,8:00 PM,finished,11,18,119,111,8
252,NBA,2022,regular,11/21/2022,8:00 PM,finished,14,9,105,101,4
253,NBA,2022,regular,11/21/2022,8:00 PM,finished,0,6,128,83,45
254,NBA,2022,regular,11/21/2022,8:00 PM,finished,24,15,119,129,10
255,NBA,2022,regular,11/21/2022,10:30 PM,finished,10,26,121,114,7
256,NBA,2022,regular,11/22/2022,7:30 PM,finished,21,13,115,106,9
257,NBA,2022,regular,11/22/2022,8:00 PM,finished,28,20,109,113,4
258,NBA,2022,regular,11/22/2022,9:00 PM,finished,4,27,108,110,2
259,NBA,2022,regular,11/22/2022,10:00 PM,finished,16,12,115,105,10
260,NBA,2022,regular,11/23/2022,7:00 PM,finished,29,21,107,101,6
261,NBA,2022,regular,11/23/2022,7:00 PM,finished,5,18,114,96,18
262,NBA,2022,regular,11/23/2022,7:00 PM,finished,19,14,101,115,14
263,NBA,2022,regular,11/23/2022,7:30 PM,finished,1,20,115,106,9
264,NBA,2022,regular,11/23/2022,7:30 PM,finished,3,2,125,112,13
265,NBA,2022,regular,11/23/2022,7:30 PM,finished,9,25,113,105,8
266,NBA,2022,regular,11/23/2022,7:30 PM,finished,23,13,98,112,14
267,NBA,2022,regular,11/23/2022,8:00 PM,finished,11,7,113,118,5
268,NBA,2022,regular,11/23/2022,8:00 PM,finished,24,4,126,131,5
269,NBA,2022,regular,11/23/2022,8:00 PM,finished,22,0,110,129,19
270,NBA,2022,regular,11/23/2022,9:00 PM,finished,26,27,116,125,9
271,NBA,2022,regular,11/23/2022,10:00 PM,finished,6,10,124,107,17
272,NBA,2022,regular,11/25/2022,5:00 PM,finished,29,14,110,108,2
273,NBA,2022,regular,11/25/2022,7:00 PM,finished,17,21,99,107,8
274,NBA,2022,regular,11/25/2022,7:30 PM,finished,15,18,129,132,3
275,NBA,2022,regular,11/25/2022,8:00 PM,finished,3,20,122,104,18
276,NBA,2022,regular,11/25/2022,8:00 PM,finished,19,13,128,117,11
277,NBA,2022,regular,11/25/2022,8:00 PM,finished,9,25,110,107,3
278,NBA,2022,regular,11/25/2022,8:00 PM,finished,8,1,128,122,6
279,NBA,2022,regular,11/25/2022,8:00 PM,finished,28,0,132,111,21
280,NBA,2022,regular,11/25/2022,8:00 PM,finished,11,5,117,102,15
281,NBA,2022,regular,11/25/2022,8:00 PM,finished,24,7,123,119,4
282,NBA,2022,regular,11/25/2022,8:00 PM,finished,22,12,94,105,11
283,NBA,2022,regular,11/25/2022,9:00 PM,finished,16,27,108,102,6
284,NBA,2022,regular,11/25/2022,10:00 PM,finished,6,26,129,118,11
285,NBA,2022,regular,11/25/2022,10:30 PM,finished,10,4,104,114,10
286,NBA,2022,regular,11/26/2022,5:00 PM,finished,23,2,105,100,5
287,NBA,2022,regular,11/26/2022,8:00 PM,finished,8,24,118,105,13
288,NBA,2022,regular,11/26/2022,8:00 PM,finished,22,12,138,143,5
289,NBA,2022,regular,11/26/2022,9:00 PM,finished,16,26,113,112,1
290,NBA,2022,regular,11/27/2022,3:00 PM,finished,13,18,111,97,14
291,NBA,2022,regular,11/27/2022,3:30 PM,finished,14,6,114,137,23
292,NBA,2022,regular,11/27/2022,4:00 PM,finished,10,19,114,100,14
293,NBA,2022,regular,11/27/2022,5:00 PM,finished,1,9,98,106,8
294,NBA,2022,regular,11/27/2022,6:00 PM,finished,3,25,130,121,9
295,NBA,2022,regular,11/27/2022,6:00 PM,finished,27,5,94,102,8
296,NBA,2022,regular,11/27/2022,6:00 PM,finished,15,28,123,127,4
297,NBA,2022,regular,11/27/2022,6:00 PM,finished,17,21,103,133,30
298,NBA,2022,regular,11/27/2022,8:00 PM,finished,11,2,124,115,9
299,NBA,2022,regular,11/28/2022,7:00 PM,finished,21,1,104,101,3
300,NBA,2022,regular,11/28/2022,7:00 PM,finished,25,14,142,127,15
301,NBA,2022,regular,11/28/2022,7:30 PM,finished,3,29,140,105,35
302,NBA,2022,regular,11/28/2022,7:30 PM,finished,13,17,109,102,7
303,NBA,2022,regular,11/28/2022,7:30 PM,finished,23,5,100,88,12
304,NBA,2022,regular,11/28/2022,8:00 PM,finished,0,24,105,101,4
305,NBA,2022,regular,11/28/2022,9:00 PM,finished,4,8,129,113,16
306,NBA,2022,regular,11/28/2022,9:00 PM,finished,26,7,107,114,7
307,NBA,2022,regular,11/28/2022,10:00 PM,finished,20,16,117,122,5
308,NBA,2022,regular,11/28/2022,10:30 PM,finished,12,19,115,116,1
309,NBA,2022,regular,11/29/2022,7:00 PM,finished,27,15,110,140,30
310,NBA,2022,regular,11/29/2022,7:30 PM,finished,2,6,116,113,3
311,NBA,2022,regular,11/29/2022,10:00 PM,finished,18,10,112,118,6
312,NBA,2022,regular,11/30/2022,7:00 PM,finished,5,21,113,85,28
313,NBA,2022,regular,11/30/2022,7:00 PM,finished,17,1,108,125,17
314,NBA,2022,regular,11/30/2022,7:30 PM,finished,3,9,134,121,13
315,NBA,2022,regular,11/30/2022,7:30 PM,finished,13,25,113,107,6
316,NBA,2022,regular,11/30/2022,7:30 PM,finished,15,11,103,109,6
317,NBA,2022,regular,11/30/2022,8:00 PM,finished,14,28,109,101,8
318,NBA,2022,regular,11/30/2022,8:00 PM,finished,0,23,126,108,18
319,NBA,2022,regular,11/30/2022,8:00 PM,finished,24,22,119,111,8
320,NBA,2022,regular,11/30/2022,9:00 PM,finished,4,8,120,100,20
321,NBA,2022,regular,11/30/2022,9:00 PM,finished,16,7,132,113,19
322,NBA,2022,regular,11/30/2022,9:00 PM,finished,26,10,125,112,13
323,NBA,2022,regular,11/30/2022,10:00 PM,finished,20,19,137,114,23
324,NBA,2022,regular,11/30/2022,10:30 PM,finished,12,18,128,109,19
325,NBA,2022,regular,12/1/2022,7:00 PM,finished,27,2,131,125,6
326,NBA,2022,regular,12/2/2022,7:00 PM,finished,29,25,117,116,1
327,NBA,2022,regular,12/2/2022,7:30 PM,finished,1,4,117,109,8
328,NBA,2022,regular,12/2/2022,7:30 PM,finished,3,9,116,120,4
329,NBA,2022,regular,12/2/2022,7:30 PM,finished,13,23,114,105,9
330,NBA,2022,regular,12/2/2022,7:30 PM,finished,5,17,107,96,11
331,NBA,2022,regular,12/2/2022,7:30 PM,finished,11,12,129,133,4
332,NBA,2022,regular,12/2/2022,8:00 PM,finished,28,21,117,109,8
333,NBA,2022,regular,12/2/2022,8:00 PM,finished,22,0,99,117,18
334,NBA,2022,regular,12/2/2022,9:00 PM,finished,16,8,121,122,1
335,NBA,2022,regular,12/2/2022,9:00 PM,finished,26,19,139,119,20
336,NBA,2022,regular,12/2/2022,10:00 PM,finished,6,7,119,111,8
337,NBA,2022,regular,12/3/2022,12:30 PM,finished,15,2,100,121,21
338,NBA,2022,regular,12/3/2022,4:00 PM,finished,10,20,96,123,27
339,NBA,2022,regular,12/3/2022,6:00 PM,finished,29,11,96,105,9
340,NBA,2022,regular,12/3/2022,8:00 PM,finished,23,17,121,108,13
341,NBA,2022,regular,12/3/2022,8:00 PM,finished,14,24,128,135,7
342,NBA,2022,regular,12/3/2022,8:30 PM,finished,6,8,120,101,19
343,NBA,2022,regular,12/3/2022,9:00 PM,finished,26,18,111,116,5
344,NBA,2022,regular,12/4/2022,3:30 PM,finished,0,4,121,106,15
345,NBA,2022,regular,12/4/2022,4:00 PM,finished,22,16,95,133,38
346,NBA,2022,regular,12/4/2022,6:00 PM,finished,13,3,92,103,11
347,NBA,2022,regular,12/4/2022,6:00 PM,finished,27,28,112,122,10
348,NBA,2022,regular,12/4/2022,6:00 PM,finished,15,5,92,81,11
349,NBA,2022,regular,12/4/2022,6:00 PM,finished,25,12,119,130,11
350,NBA,2022,regular,12/4/2022,6:00 PM,finished,20,7,110,101,9
351,NBA,2022,regular,12/4/2022,9:00 PM,finished,18,19,116,100,16
352,NBA,2022,regular,12/5/2022,7:00 PM,finished,29,10,117,119,2
353,NBA,2022,regular,12/5/2022,7:00 PM,finished,17,11,102,109,7
354,NBA,2022,regular,12/5/2022,7:30 PM,finished,1,24,114,121,7
355,NBA,2022,regular,12/5/2022,7:30 PM,finished,23,3,110,116,6
356,NBA,2022,regular,12/5/2022,8:00 PM,finished,8,21,132,123,9
357,NBA,2022,regular,12/5/2022,8:00 PM,finished,28,9,101,93,8
358,NBA,2022,regular,12/5/2022,8:30 PM,finished,2,16,130,111,19
359,NBA,2022,regular,12/5/2022,10:00 PM,finished,6,19,104,112,8
360,NBA,2022,regular,12/6/2022,7:30 PM,finished,5,12,116,102,14
361,NBA,2022,regular,12/6/2022,7:30 PM,finished,9,27,96,116,20
362,NBA,2022,regular,12/6/2022,10:00 PM,finished,4,2,115,116,1
363,NBA,2022,regular,12/7/2022,7:00 PM,finished,17,10,116,111,5
364,NBA,2022,regular,12/7/2022,7:30 PM,finished,13,29,122,116,6
365,NBA,2022,regular,12/7/2022,7:30 PM,finished,15,1,113,89,24
366,NBA,2022,regular,12/7/2022,7:30 PM,finished,23,12,126,113,13
367,NBA,2022,regular,12/7/2022,8:00 PM,finished,7,25,115,111,4
368,NBA,2022,regular,12/7/2022,8:00 PM,finished,28,24,123,102,21
369,NBA,2022,regular,12/7/2022,8:00 PM,finished,11,20,126,113,13
370,NBA,2022,regular,12/7/2022,8:00 PM,finished,14,19,121,115,6
371,NBA,2022,regular,12/7/2022,8:00 PM,finished,0,27,104,98,6
372,NBA,2022,regular,12/7/2022,9:00 PM,finished,26,6,124,123,1
373,NBA,2022,regular,12/7/2022,10:00 PM,finished,16,3,98,125,27
374,NBA,2022,regular,12/8/2022,7:30 PM,finished,9,10,115,110,5
375,NBA,2022,regular,12/8/2022,8:30 PM,finished,22,8,118,109,9
376,NBA,2022,regular,12/8/2022,10:00 PM,finished,18,4,120,121,1
377,NBA,2022,regular,12/9/2022,7:00 PM,finished,29,15,102,121,19
378,NBA,2022,regular,12/9/2022,7:00 PM,finished,19,25,121,111,10
379,NBA,2022,regular,12/9/2022,7:00 PM,finished,17,23,113,109,4
380,NBA,2022,regular,12/9/2022,7:30 PM,finished,13,1,120,116,4
381,NBA,2022,regular,12/9/2022,7:30 PM,finished,5,20,95,106,11
382,NBA,2022,regular,12/9/2022,7:30 PM,finished,21,12,133,122,11
383,NBA,2022,regular,12/9/2022,8:00 PM,finished,28,27,114,103,11
384,NBA,2022,regular,12/9/2022,8:30 PM,finished,0,16,128,117,11
385,NBA,2022,regular,12/9/2022,9:00 PM,finished,26,14,108,118,10
386,NBA,2022,regular,12/9/2022,10:00 PM,finished,2,11,105,106,1
387,NBA,2022,regular,12/10/2022,5:00 PM,finished,9,22,111,115,4
388,NBA,2022,regular,12/10/2022,7:00 PM,finished,19,13,133,136,3
389,NBA,2022,regular,12/10/2022,7:00 PM,finished,25,10,107,114,7
390,NBA,2022,regular,12/10/2022,7:30 PM,finished,5,24,110,102,8
391,NBA,2022,regular,12/10/2022,8:00 PM,finished,7,2,144,115,29
392,NBA,2022,regular,12/10/2022,8:30 PM,finished,6,3,123,107,16
393,NBA,2022,regular,12/10/2022,9:00 PM,finished,4,26,115,110,5
394,NBA,2022,regular,12/10/2022,10:00 PM,finished,18,14,124,118,6
395,NBA,2022,regular,12/11/2022,3:30 PM,finished,0,16,129,124,5
396,NBA,2022,regular,12/11/2022,6:00 PM,finished,27,12,117,124,7
397,NBA,2022,regular,12/11/2022,6:00 PM,finished,15,20,112,99,13
398,NBA,2022,regular,12/11/2022,6:00 PM,finished,17,23,111,99,12
399,NBA,2022,regular,12/11/2022,6:00 PM,finished,21,29,131,113,18
400,NBA,2022,regular,12/11/2022,6:30 PM,finished,1,7,123,122,1
401,NBA,2022,regular,12/11/2022,7:00 PM,finished,8,11,97,92,5
402,NBA,2022,regular,12/12/2022,7:00 PM,finished,19,9,82,87,5
403,NBA,2022,regular,12/12/2022,7:00 PM,finished,25,13,100,112,12
404,NBA,2022,regular,12/12/2022,8:00 PM,finished,28,1,128,103,25
405,NBA,2022,regular,12/12/2022,8:30 PM,finished,2,24,121,114,7
406,NBA,2022,regular,12/12/2022,8:30 PM,finished,22,5,112,111,1
407,NBA,2022,regular,12/12/2022,10:00 PM,finished,18,14,133,112,21
408,NBA,2022,regular,12/12/2022,10:30 PM,finished,10,3,113,93,20
409,NBA,2022,regular,12/13/2022,7:00 PM,finished,21,20,123,103,20
410,NBA,2022,regular,12/13/2022,7:30 PM,finished,11,6,128,111,17
411,NBA,2022,regular,12/13/2022,8:00 PM,finished,8,16,111,97,14
412,NBA,2022,regular,12/13/2022,9:00 PM,finished,26,0,121,100,21
413,NBA,2022,regular,12/13/2022,10:00 PM,finished,12,3,118,122,4
414,NBA,2022,regular,12/14/2022,7:00 PM,finished,29,27,134,141,7
415,NBA,2022,regular,12/14/2022,7:00 PM,finished,19,6,125,119,6
416,NBA,2022,regular,12/14/2022,7:00 PM,finished,17,1,135,124,11
417,NBA,2022,regular,12/14/2022,7:30 PM,finished,23,20,123,124,1
418,NBA,2022,regular,12/14/2022,7:30 PM,finished,7,15,120,128,8
419,NBA,2022,regular,12/14/2022,8:00 PM,finished,24,9,108,110,2
420,NBA,2022,regular,12/14/2022,8:00 PM,finished,22,18,112,128,16
421,NBA,2022,regular,12/14/2022,9:00 PM,finished,2,5,90,105,15
422,NBA,2022,regular,12/14/2022,9:00 PM,finished,4,25,141,128,13
423,NBA,2022,regular,12/14/2022,10:00 PM,finished,10,14,99,88,11
424,NBA,2022,regular,12/15/2022,8:00 PM,finished,8,9,108,111,3
425,NBA,2022,regular,12/15/2022,8:00 PM,finished,28,11,142,101,41
426,NBA,2022,regular,12/15/2022,9:00 PM,finished,26,0,132,129,3
427,NBA,2022,regular,12/15/2022,10:30 PM,finished,10,16,95,111,16
428,NBA,2022,regular,12/16/2022,7:00 PM,finished,29,1,106,125,19
429,NBA,2022,regular,12/16/2022,7:00 PM,finished,27,20,113,122,9
430,NBA,2022,regular,12/16/2022,7:30 PM,finished,3,17,109,117,8
431,NBA,2022,regular,12/16/2022,7:30 PM,finished,5,19,118,112,6
432,NBA,2022,regular,12/16/2022,7:30 PM,finished,21,6,118,106,12
433,NBA,2022,regular,12/16/2022,7:30 PM,finished,23,13,116,119,3
434,NBA,2022,regular,12/16/2022,8:00 PM,finished,7,15,91,114,23
435,NBA,2022,regular,12/16/2022,8:00 PM,finished,24,14,110,112,2
436,NBA,2022,regular,12/16/2022,8:30 PM,finished,2,18,130,110,20
437,NBA,2022,regular,12/16/2022,10:00 PM,finished,12,4,126,108,18
438,NBA,2022,regular,12/17/2022,4:00 PM,finished,10,25,102,93,9
439,NBA,2022,regular,12/17/2022,5:00 PM,finished,22,9,101,111,10
440,NBA,2022,regular,12/17/2022,8:00 PM,finished,5,2,100,99,1
441,NBA,2022,regular,12/17/2022,8:00 PM,finished,8,18,95,107,12
442,NBA,2022,regular,12/17/2022,8:00 PM,finished,11,26,123,97,26
443,NBA,2022,regular,12/17/2022,8:00 PM,finished,24,28,115,109,6
444,NBA,2022,regular,12/17/2022,9:00 PM,finished,16,0,118,114,4
445,NBA,2022,regular,12/18/2022,3:00 PM,finished,3,17,92,95,3
446,NBA,2022,regular,12/18/2022,5:00 PM,finished,19,15,106,109,3
447,NBA,2022,regular,12/18/2022,6:00 PM,finished,27,13,121,124,3
448,NBA,2022,regular,12/18/2022,6:00 PM,finished,23,6,110,126,16
449,NBA,2022,regular,12/18/2022,7:00 PM,finished,14,7,150,126,24
450,NBA,2022,regular,12/18/2022,8:00 PM,finished,4,29,119,115,4
451,NBA,2022,regular,12/18/2022,9:30 PM,finished,12,25,119,117,2
452,NBA,2022,regular,12/19/2022,7:00 PM,finished,5,26,122,99,23
453,NBA,2022,regular,12/19/2022,7:00 PM,finished,21,23,104,101,3
454,NBA,2022,regular,12/19/2022,7:30 PM,finished,1,17,126,125,1
455,NBA,2022,regular,12/19/2022,8:00 PM,finished,8,22,105,124,19
456,NBA,2022,regular,12/19/2022,8:00 PM,finished,14,2,116,106,10
457,NBA,2022,regular,12/19/2022,8:00 PM,finished,0,11,119,128,9
458,NBA,2022,regular,12/19/2022,8:00 PM,finished,24,18,123,121,2
459,NBA,2022,regular,12/19/2022,9:00 PM,finished,16,12,130,104,26
460,NBA,2022,regular,12/19/2022,10:00 PM,finished,20,29,119,125,6
461,NBA,2022,regular,12/20/2022,7:00 PM,finished,27,26,111,126,15
462,NBA,2022,regular,12/20/2022,7:30 PM,finished,9,7,103,113,10
463,NBA,2022,regular,12/20/2022,7:30 PM,finished,15,6,132,94,38
464,NBA,2022,regular,12/20/2022,9:00 PM,finished,16,25,110,113,3
465,NBA,2022,regular,12/20/2022,10:00 PM,finished,4,28,105,91,14
466,NBA,2022,regular,12/21/2022,7:00 PM,finished,5,11,114,106,8
467,NBA,2022,regular,12/21/2022,7:00 PM,finished,21,27,113,93,20
468,NBA,2022,regular,12/21/2022,7:30 PM,finished,1,7,108,110,2
469,NBA,2022,regular,12/21/2022,7:30 PM,finished,3,19,112,117,5
470,NBA,2022,regular,12/21/2022,7:30 PM,finished,13,6,143,113,30
471,NBA,2022,regular,12/21/2022,7:30 PM,finished,15,23,106,113,7
472,NBA,2022,regular,12/21/2022,8:00 PM,finished,8,17,110,116,6
473,NBA,2022,regular,12/21/2022,8:00 PM,finished,14,2,99,104,5
474,NBA,2022,regular,12/21/2022,8:00 PM,finished,24,18,101,98,3
475,NBA,2022,regular,12/21/2022,10:00 PM,finished,20,12,134,120,14
476,NBA,2022,regular,12/21/2022,10:30 PM,finished,10,29,126,105,21
477,NBA,2022,regular,12/22/2022,8:00 PM,finished,0,22,126,117,9
478,NBA,2022,regular,12/22/2022,9:00 PM,finished,26,25,120,112,8
479,NBA,2022,regular,12/23/2022,7:00 PM,finished,17,22,133,113,20
480,NBA,2022,regular,12/23/2022,7:00 PM,finished,21,10,119,114,5
481,NBA,2022,regular,12/23/2022,7:30 PM,finished,1,27,130,105,25
482,NBA,2022,regular,12/23/2022,7:30 PM,finished,3,14,121,109,12
483,NBA,2022,regular,12/23/2022,7:30 PM,finished,13,11,118,100,18
484,NBA,2022,regular,12/23/2022,7:30 PM,finished,5,23,107,118,11
485,NBA,2022,regular,12/23/2022,7:30 PM,finished,15,7,117,118,1
486,NBA,2022,regular,12/23/2022,8:00 PM,finished,9,19,108,111,3
487,NBA,2022,regular,12/23/2022,8:00 PM,finished,8,2,106,112,6
488,NBA,2022,regular,12/23/2022,8:00 PM,finished,24,0,125,128,3
489,NBA,2022,regular,12/23/2022,9:00 PM,finished,4,18,120,107,13
490,NBA,2022,regular,12/23/2022,10:00 PM,finished,16,28,100,125,25
491,NBA,2022,regular,12/23/2022,10:00 PM,finished,20,25,111,125,14
492,NBA,2022,regular,12/23/2022,10:30 PM,finished,12,29,130,134,4
493,NBA,2022,regular,12/25/2022,12:00 PM,finished,15,21,112,119,7
494,NBA,2022,regular,12/25/2022,2:30 PM,finished,2,12,124,115,9
495,NBA,2022,regular,12/25/2022,5:00 PM,finished,3,11,139,118,21
496,NBA,2022,regular,12/25/2022,8:00 PM,finished,6,28,123,109,14
497,NBA,2022,regular,12/25/2022,10:30 PM,finished,4,16,128,125,3
498,NBA,2022,regular,12/26/2022,7:00 PM,finished,5,13,117,125,8
499,NBA,2022,regular,12/26/2022,7:00 PM,finished,27,10,131,142,11
500,NBA,2022,regular,12/26/2022,7:30 PM,finished,9,14,113,110,3
501,NBA,2022,regular,12/26/2022,8:00 PM,finished,7,8,118,133,15
502,NBA,2022,regular,12/26/2022,8:00 PM,finished,0,19,113,93,20
503,NBA,2022,regular,12/26/2022,8:00 PM,finished,22,26,126,122,4
504,NBA,2022,regular,12/26/2022,10:00 PM,finished,18,29,124,113,11
505,NBA,2022,regular,12/27/2022,7:00 PM,finished,17,12,110,129,19
506,NBA,2022,regular,12/27/2022,7:00 PM,finished,25,21,116,111,5
507,NBA,2022,regular,12/27/2022,7:30 PM,finished,3,8,126,102,24
508,NBA,2022,regular,12/27/2022,7:30 PM,finished,19,1,129,114,15
509,NBA,2022,regular,12/27/2022,7:30 PM,finished,23,10,113,124,11
510,NBA,2022,regular,12/27/2022,8:00 PM,finished,28,16,108,125,17
511,NBA,2022,regular,12/27/2022,8:00 PM,finished,24,22,130,114,16
512,NBA,2022,regular,12/27/2022,8:30 PM,finished,2,15,126,121,5
513,NBA,2022,regular,12/27/2022,10:00 PM,finished,6,29,110,105,5
514,NBA,2022,regular,12/27/2022,10:00 PM,finished,20,4,106,113,7
515,NBA,2022,regular,12/28/2022,7:00 PM,finished,27,17,121,101,20
516,NBA,2022,regular,12/28/2022,7:00 PM,finished,25,16,127,102,25
517,NBA,2022,regular,12/28/2022,7:30 PM,finished,1,13,107,108,1
518,NBA,2022,regular,12/28/2022,7:30 PM,finished,9,12,112,98,14
519,NBA,2022,regular,12/28/2022,8:00 PM,finished,7,11,119,113,6
520,NBA,2022,regular,12/28/2022,8:00 PM,finished,0,14,119,118,1
521,NBA,2022,regular,12/28/2022,10:00 PM,finished,6,26,112,107,5
522,NBA,2022,regular,12/28/2022,10:00 PM,finished,20,4,127,126,1
523,NBA,2022,regular,12/29/2022,7:00 PM,finished,29,24,121,113,8
524,NBA,2022,regular,12/29/2022,7:00 PM,finished,19,5,135,126,9
525,NBA,2022,regular,12/29/2022,7:30 PM,finished,3,10,116,110,6
526,NBA,2022,regular,12/29/2022,7:30 PM,finished,23,28,106,119,13
527,NBA,2022,regular,12/29/2022,8:00 PM,finished,22,15,122,115,7
528,NBA,2022,regular,12/29/2022,8:30 PM,finished,2,8,129,114,15
529,NBA,2022,regular,12/30/2022,7:00 PM,finished,17,25,100,119,19
530,NBA,2022,regular,12/30/2022,7:30 PM,finished,1,12,121,130,9
531,NBA,2022,regular,12/30/2022,7:30 PM,finished,23,16,113,104,9
532,NBA,2022,regular,12/30/2022,8:00 PM,finished,7,27,132,118,14
533,NBA,2022,regular,12/30/2022,8:00 PM,finished,11,14,123,114,9
534,NBA,2022,regular,12/30/2022,8:30 PM,finished,0,21,127,116,11
535,NBA,2022,regular,12/30/2022,9:00 PM,finished,4,9,124,119,5
536,NBA,2022,regular,12/30/2022,10:00 PM,finished,6,18,118,112,6
537,NBA,2022,regular,12/30/2022,10:00 PM,finished,20,26,126,125,1
538,NBA,2022,regular,12/31/2022,3:00 PM,finished,19,10,131,130,1
539,NBA,2022,regular,12/31/2022,7:00 PM,finished,29,13,106,123,17
540,NBA,2022,regular,12/31/2022,7:00 PM,finished,7,5,102,103,1
541,NBA,2022,regular,12/31/2022,7:00 PM,finished,8,15,88,108,20
542,NBA,2022,regular,12/31/2022,7:00 PM,finished,22,2,125,126,1
543,NBA,2022,regular,12/31/2022,8:00 PM,finished,28,0,116,101,15
544,NBA,2022,regular,12/31/2022,8:00 PM,finished,14,27,104,116,12
545,NBA,2022,regular,12/31/2022,8:00 PM,finished,24,21,96,115,19
546,NBA,2022,regular,12/31/2022,9:00 PM,finished,26,9,123,126,3
547,NBA,2022,regular,1/1/2023,8:00 PM,finished,28,20,118,108,10
548,NBA,2022,regular,1/1/2023,8:00 PM,finished,11,25,95,118,23
549,NBA,2022,regular,1/1/2023,8:00 PM,finished,4,3,123,111,12
550,NBA,2022,regular,1/2/2023,3:00 PM,finished,15,16,102,83,19
551,NBA,2022,regular,1/2/2023,7:00 PM,finished,29,12,115,121,6
552,NBA,2022,regular,1/2/2023,7:00 PM,finished,5,7,145,134,11
553,NBA,2022,regular,1/2/2023,7:00 PM,finished,19,23,122,114,8
554,NBA,2022,regular,1/2/2023,7:00 PM,finished,21,0,120,111,9
555,NBA,2022,regular,1/2/2023,7:30 PM,finished,13,22,139,103,36
556,NBA,2022,regular,1/2/2023,8:00 PM,finished,8,2,106,111,5
557,NBA,2022,regular,1/2/2023,8:00 PM,finished,14,4,124,111,13
558,NBA,2022,regular,1/2/2023,10:00 PM,finished,6,1,143,141,2
559,NBA,2022,regular,1/2/2023,10:00 PM,finished,18,27,135,106,29
560,NBA,2022,regular,1/2/2023,10:30 PM,finished,10,9,100,110,10
561,NBA,2022,regular,1/3/2023,8:00 PM,finished,11,25,123,113,10
562,NBA,2022,regular,1/3/2023,8:00 PM,finished,24,3,150,117,33
563,NBA,2022,regular,1/3/2023,9:00 PM,finished,26,20,115,117,2
564,NBA,2022,regular,1/4/2023,7:00 PM,finished,29,28,107,131,24
565,NBA,2022,regular,1/4/2023,7:00 PM,finished,5,16,90,88,2
566,NBA,2022,regular,1/4/2023,7:00 PM,finished,17,24,126,115,11
567,NBA,2022,regular,1/4/2023,7:00 PM,finished,21,19,129,126,3
568,NBA,2022,regular,1/4/2023,7:30 PM,finished,15,22,117,114,3
569,NBA,2022,regular,1/4/2023,7:30 PM,finished,23,11,101,104,3
570,NBA,2022,regular,1/4/2023,8:00 PM,finished,7,13,121,112,9
571,NBA,2022,regular,1/4/2023,8:00 PM,finished,14,18,113,106,7
572,NBA,2022,regular,1/4/2023,8:00 PM,finished,0,8,119,108,11
573,NBA,2022,regular,1/4/2023,10:00 PM,finished,6,27,119,122,3
574,NBA,2022,regular,1/4/2023,10:00 PM,finished,12,9,112,109,3
575,NBA,2022,regular,1/4/2023,10:00 PM,finished,20,1,117,120,3
576,NBA,2022,regular,1/5/2023,7:00 PM,finished,17,28,115,123,8
577,NBA,2022,regular,1/5/2023,7:30 PM,finished,2,3,95,124,29
578,NBA,2022,regular,1/5/2023,8:00 PM,finished,8,26,114,131,17
579,NBA,2022,regular,1/5/2023,10:00 PM,finished,4,10,122,91,31
580,NBA,2022,regular,1/6/2023,7:00 PM,finished,19,18,108,99,9
581,NBA,2022,regular,1/6/2023,7:00 PM,finished,21,7,112,126,14
582,NBA,2022,regular,1/6/2023,7:30 PM,finished,23,15,108,112,4
583,NBA,2022,regular,1/6/2023,8:00 PM,finished,11,29,109,138,29
584,NBA,2022,regular,1/6/2023,8:00 PM,finished,24,25,127,110,17
585,NBA,2022,regular,1/6/2023,8:00 PM,finished,22,27,121,109,12
586,NBA,2022,regular,1/6/2023,7:30 PM,finished,0,13,102,108,6
587,NBA,2022,regular,1/6/2023,9:00 PM,finished,14,10,128,115,13
588,NBA,2022,regular,1/6/2023,9:00 PM,finished,4,5,121,108,13
589,NBA,2022,regular,1/6/2023,10:00 PM,finished,16,9,96,104,8
590,NBA,2022,regular,1/6/2023,10:30 PM,finished,12,1,130,114,16
591,NBA,2022,regular,1/7/2023,6:00 PM,finished,22,3,116,121,5
592,NBA,2022,regular,1/7/2023,8:00 PM,finished,7,26,126,118,8
593,NBA,2022,regular,1/7/2023,8:00 PM,finished,2,0,127,117,10
594,NBA,2022,regular,1/7/2023,8:30 PM,finished,6,17,101,115,14
595,NBA,2022,regular,1/7/2023,10:00 PM,finished,20,12,134,136,2
596,NBA,2022,regular,1/8/2023,3:00 PM,finished,27,21,111,123,12
597,NBA,2022,regular,1/8/2023,3:30 PM,finished,23,18,117,105,12
598,NBA,2022,regular,1/8/2023,5:00 PM,finished,19,29,116,111,5
599,NBA,2022,regular,1/8/2023,6:00 PM,finished,9,13,101,102,1
600,NBA,2022,regular,1/8/2023,6:00 PM,finished,28,26,123,118,5
601,NBA,2022,regular,1/8/2023,7:00 PM,finished,8,14,96,104,8
602,NBA,2022,regular,1/8/2023,7:00 PM,finished,24,2,120,109,11
603,NBA,2022,regular,1/8/2023,8:00 PM,finished,16,5,98,112,14
604,NBA,2022,regular,1/8/2023,9:00 PM,finished,10,1,108,112,4
605,NBA,2022,regular,1/9/2023,7:00 PM,finished,25,0,112,132,20
606,NBA,2022,regular,1/9/2023,7:30 PM,finished,3,7,107,99,8
607,NBA,2022,regular,1/9/2023,7:30 PM,finished,15,11,107,111,4
608,NBA,2022,regular,1/9/2023,8:00 PM,finished,28,22,121,113,8
609,NBA,2022,regular,1/9/2023,9:00 PM,finished,4,12,122,109,13
610,NBA,2022,regular,1/9/2023,10:00 PM,finished,20,17,136,111,25
611,NBA,2022,regular,1/10/2023,7:30 PM,finished,9,24,112,111,1
612,NBA,2022,regular,1/10/2023,7:00 PM,finished,21,27,147,116,31
613,NBA,2022,regular,1/10/2023,7:30 PM,finished,23,29,132,120,12
614,NBA,2022,regular,1/10/2023,9:00 PM,finished,26,5,116,114,2
615,NBA,2022,regular,1/10/2023,10:00 PM,finished,6,16,113,125,12
616,NBA,2022,regular,1/10/2023,10:00 PM,finished,18,17,106,109,3
617,NBA,2022,regular,1/10/2023,10:30 PM,finished,10,2,113,101,12
618,NBA,2022,regular,1/11/2023,7:00 PM,finished,27,14,135,118,17
619,NBA,2022,regular,1/11/2023,7:00 PM,finished,25,7,100,97,3
620,NBA,2022,regular,1/11/2023,7:30 PM,finished,1,11,105,114,9
621,NBA,2022,regular,1/11/2023,7:30 PM,finished,3,0,125,114,11
622,NBA,2022,regular,1/11/2023,7:30 PM,finished,15,19,119,113,6
623,NBA,2022,regular,1/11/2023,8:00 PM,finished,28,22,135,129,6
624,NBA,2022,regular,1/11/2023,10:00 PM,finished,4,16,126,97,29
625,NBA,2022,regular,1/11/2023,10:00 PM,finished,20,8,135,115,20
626,NBA,2022,regular,1/12/2023,7:00 PM,finished,21,24,114,133,19
627,NBA,2022,regular,1/12/2023,7:30 PM,finished,13,3,98,109,11
628,NBA,2022,regular,1/12/2023,7:30 PM,finished,9,11,108,102,6
629,NBA,2022,regular,1/12/2023,7:30 PM,finished,23,29,124,114,10
630,NBA,2022,regular,1/12/2023,10:00 PM,finished,12,2,115,119,4
631,NBA,2022,regular,1/12/2023,10:00 PM,finished,18,5,113,119,6
632,NBA,2022,regular,1/13/2023,7:00 PM,finished,27,0,110,116,6
633,NBA,2022,regular,1/13/2023,7:00 PM,finished,19,1,111,113,2
634,NBA,2022,regular,1/13/2023,7:00 PM,finished,25,15,108,112,4
635,NBA,2022,regular,1/13/2023,7:30 PM,finished,22,6,113,144,31
636,NBA,2022,regular,1/13/2023,8:00 PM,finished,7,24,110,124,14
637,NBA,2022,regular,1/13/2023,8:00 PM,finished,14,16,121,116,5
638,NBA,2022,regular,1/13/2023,9:00 PM,finished,26,17,112,108,4
639,NBA,2022,regular,1/13/2023,10:00 PM,finished,10,4,103,115,12
640,NBA,2022,regular,1/13/2023,10:00 PM,finished,20,8,139,114,25
641,NBA,2022,regular,1/14/2023,1:00 PM,finished,9,11,111,95,16
642,NBA,2022,regular,1/14/2023,7:00 PM,finished,29,3,106,122,16
643,NBA,2022,regular,1/14/2023,7:00 PM,finished,19,28,112,130,18
644,NBA,2022,regular,1/14/2023,7:30 PM,finished,23,1,103,114,11
645,NBA,2022,regular,1/14/2023,8:00 PM,finished,14,5,110,102,8
646,NBA,2022,regular,1/14/2023,9:00 PM,finished,26,21,117,118,1
647,NBA,2022,regular,1/14/2023,10:00 PM,finished,18,2,136,119,17
648,NBA,2022,regular,1/15/2023,1:00 PM,finished,27,15,104,117,13
649,NBA,2022,regular,1/15/2023,3:00 PM,finished,10,8,121,100,21
650,NBA,2022,regular,1/15/2023,3:30 PM,finished,7,6,132,118,14
651,NBA,2022,regular,1/15/2023,6:00 PM,finished,13,24,102,112,10
652,NBA,2022,regular,1/15/2023,7:00 PM,finished,22,20,119,132,13
653,NBA,2022,regular,1/15/2023,8:00 PM,finished,4,17,119,116,3
654,NBA,2022,regular,1/15/2023,9:00 PM,finished,18,2,140,123,17
655,NBA,2022,regular,1/15/2023,9:30 PM,finished,12,21,112,113,1
656,NBA,2022,regular,1/16/2023,1:00 PM,finished,29,3,118,130,12
657,NBA,2022,regular,1/16/2023,2:30 PM,finished,11,19,132,119,13
658,NBA,2022,regular,1/16/2023,3:00 PM,finished,5,0,113,103,10
659,NBA,2022,regular,1/16/2023,3:00 PM,finished,15,23,121,123,2
660,NBA,2022,regular,1/16/2023,3:00 PM,finished,25,6,118,127,9
661,NBA,2022,regular,1/16/2023,3:30 PM,finished,1,9,121,113,8
662,NBA,2022,regular,1/16/2023,4:00 PM,finished,14,26,125,126,1
663,NBA,2022,regular,1/16/2023,6:00 PM,finished,28,16,136,106,30
664,NBA,2022,regular,1/16/2023,10:30 PM,finished,12,8,140,132,8
665,NBA,2022,regular,1/17/2023,7:30 PM,finished,11,23,130,122,8
666,NBA,2022,regular,1/17/2023,8:00 PM,finished,22,13,106,98,8
667,NBA,2022,regular,1/17/2023,9:00 PM,finished,4,18,122,113,9
668,NBA,2022,regular,1/17/2023,10:00 PM,finished,10,21,110,120,10
669,NBA,2022,regular,1/18/2023,7:30 PM,finished,15,25,105,116,11
670,NBA,2022,regular,1/18/2023,7:30 PM,finished,2,1,122,130,8
671,NBA,2022,regular,1/18/2023,8:00 PM,finished,8,29,117,122,5
672,NBA,2022,regular,1/18/2023,8:00 PM,finished,28,5,115,114,1
673,NBA,2022,regular,1/18/2023,8:00 PM,finished,0,9,98,124,26
674,NBA,2022,regular,1/18/2023,8:00 PM,finished,24,19,126,106,20
675,NBA,2022,regular,1/18/2023,9:00 PM,finished,26,10,126,103,23
676,NBA,2022,regular,1/18/2023,10:00 PM,finished,4,14,122,118,4
677,NBA,2022,regular,1/18/2023,10:30 PM,finished,12,20,111,116,5
678,NBA,2022,regular,1/19/2023,3:00 PM,finished,27,7,108,126,18
679,NBA,2022,regular,1/19/2023,7:30 PM,finished,3,6,121,118,3
680,NBA,2022,regular,1/19/2023,8:00 PM,finished,14,23,128,126,2
681,NBA,2022,regular,1/19/2023,10:00 PM,finished,16,13,117,112,5
682,NBA,2022,regular,1/19/2023,10:00 PM,finished,18,21,95,105,10
683,NBA,2022,regular,1/20/2023,7:00 PM,finished,17,0,123,110,13
684,NBA,2022,regular,1/20/2023,7:30 PM,finished,1,15,139,124,15
685,NBA,2022,regular,1/20/2023,7:30 PM,finished,5,6,114,120,6
686,NBA,2022,regular,1/20/2023,7:30 PM,finished,2,9,115,90,25
687,NBA,2022,regular,1/20/2023,8:00 PM,finished,22,10,126,131,5
688,NBA,2022,regular,1/20/2023,9:00 PM,finished,4,19,134,111,23
689,NBA,2022,regular,1/20/2023,9:00 PM,finished,26,13,106,117,11
690,NBA,2022,regular,1/20/2023,10:00 PM,finished,12,28,122,121,1
691,NBA,2022,regular,1/20/2023,10:00 PM,finished,20,24,118,113,5
692,NBA,2022,regular,1/21/2023,5:00 PM,finished,23,3,104,106,2
693,NBA,2022,regular,1/21/2023,7:00 PM,finished,25,17,138,118,20
694,NBA,2022,regular,1/21/2023,7:30 PM,finished,1,29,118,122,4
695,NBA,2022,regular,1/21/2023,7:30 PM,finished,5,11,114,102,12
696,NBA,2022,regular,1/21/2023,8:00 PM,finished,14,8,113,104,9
697,NBA,2022,regular,1/21/2023,9:00 PM,finished,16,19,112,107,5
698,NBA,2022,regular,1/21/2023,10:00 PM,finished,20,21,127,129,2
699,NBA,2022,regular,1/22/2023,3:30 PM,finished,9,0,100,96,4
700,NBA,2022,regular,1/22/2023,6:00 PM,finished,23,15,125,116,9
701,NBA,2022,regular,1/22/2023,2:30 PM,finished,2,10,98,112,14
702,NBA,2022,regular,1/22/2023,8:00 PM,finished,4,24,99,101,2
703,NBA,2022,regular,1/22/2023,8:00 PM,finished,16,28,112,110,2
704,NBA,2022,regular,1/22/2023,8:30 PM,finished,6,13,116,120,4
705,NBA,2022,regular,1/22/2023,9:00 PM,finished,18,12,112,121,9
706,NBA,2022,regular,1/23/2023,7:00 PM,finished,27,11,130,150,20
707,NBA,2022,regular,1/23/2023,7:00 PM,finished,17,3,113,98,15
708,NBA,2022,regular,1/23/2023,8:00 PM,finished,7,1,111,100,11
709,NBA,2022,regular,1/23/2023,8:00 PM,finished,8,14,119,114,5
710,NBA,2022,regular,1/23/2023,9:00 PM,finished,26,29,120,102,18
711,NBA,2022,regular,1/23/2023,10:00 PM,finished,18,22,147,127,20
712,NBA,2022,regular,1/23/2023,10:30 PM,finished,20,28,133,100,33
713,NBA,2022,regular,1/24/2023,7:00 PM,finished,19,7,116,110,6
714,NBA,2022,regular,1/24/2023,7:30 PM,finished,9,3,98,95,3
715,NBA,2022,regular,1/24/2023,7:30 PM,finished,15,5,105,103,2
716,NBA,2022,regular,1/24/2023,8:00 PM,finished,0,4,98,99,1
717,NBA,2022,regular,1/24/2023,8:30 PM,finished,2,25,126,127,1
718,NBA,2022,regular,1/24/2023,9:00 PM,finished,16,29,128,97,31
719,NBA,2022,regular,1/24/2023,10:00 PM,finished,12,10,115,133,18
720,NBA,2022,regular,1/25/2023,7:00 PM,finished,17,19,126,120,6
721,NBA,2022,regular,1/25/2023,7:30 PM,finished,21,13,137,133,4
722,NBA,2022,regular,1/25/2023,8:00 PM,finished,8,25,103,108,5
723,NBA,2022,regular,1/25/2023,8:00 PM,finished,11,4,107,99,8
724,NBA,2022,regular,1/25/2023,8:00 PM,finished,0,14,102,111,9
725,NBA,2022,regular,1/25/2023,8:00 PM,finished,24,1,132,137,5
726,NBA,2022,regular,1/25/2023,10:00 PM,finished,6,28,122,120,2
727,NBA,2022,regular,1/25/2023,10:00 PM,finished,18,26,134,124,10
728,NBA,2022,regular,1/25/2023,10:00 PM,finished,20,23,95,113,18
729,NBA,2022,regular,1/25/2023,10:30 PM,finished,12,22,113,104,9
730,NBA,2022,regular,1/26/2023,7:30 PM,finished,3,15,117,120,3
731,NBA,2022,regular,1/26/2023,7:30 PM,finished,13,27,122,130,8
732,NBA,2022,regular,1/26/2023,7:30 PM,finished,29,7,111,96,15
733,NBA,2022,regular,1/26/2023,8:00 PM,finished,8,5,95,113,18
734,NBA,2022,regular,1/26/2023,10:00 PM,finished,16,2,95,99,4
735,NBA,2022,regular,1/26/2023,10:30 PM,finished,10,22,138,100,38
736,NBA,2022,regular,1/27/2023,7:00 PM,finished,19,11,131,141,10
737,NBA,2022,regular,1/27/2023,7:30 PM,finished,14,28,111,100,11
738,NBA,2022,regular,1/27/2023,8:00 PM,finished,9,17,110,105,5
739,NBA,2022,regular,1/27/2023,8:00 PM,finished,24,5,112,100,12
740,NBA,2022,regular,1/27/2023,10:00 PM,finished,6,23,129,117,12
741,NBA,2022,regular,1/28/2023,3:00 PM,finished,21,4,126,119,7
742,NBA,2022,regular,1/28/2023,5:30 PM,finished,13,15,122,115,7
743,NBA,2022,regular,1/28/2023,7:00 PM,finished,27,8,114,117,3
744,NBA,2022,regular,1/28/2023,7:00 PM,finished,17,7,109,128,19
745,NBA,2022,regular,1/28/2023,7:30 PM,finished,1,10,113,120,7
746,NBA,2022,regular,1/28/2023,8:00 PM,finished,14,20,117,110,7
747,NBA,2022,regular,1/28/2023,8:00 PM,finished,0,25,103,113,10
748,NBA,2022,regular,1/28/2023,8:00 PM,finished,22,16,118,128,10
749,NBA,2022,regular,1/28/2023,8:30 PM,finished,3,12,125,121,4
750,NBA,2022,regular,1/28/2023,9:00 PM,finished,26,2,108,100,8
751,NBA,2022,regular,1/28/2023,10:00 PM,finished,18,23,105,123,18
752,NBA,2022,regular,1/29/2023,1:00 PM,finished,29,9,122,117,5
753,NBA,2022,regular,1/29/2023,6:00 PM,finished,28,19,112,100,12
754,NBA,2022,regular,1/29/2023,7:00 PM,finished,5,10,122,99,23
755,NBA,2022,regular,1/29/2023,8:00 PM,finished,11,0,135,110,25
756,NBA,2022,regular,1/30/2023,7:00 PM,finished,21,17,109,119,10
757,NBA,2022,regular,1/30/2023,7:30 PM,finished,13,12,121,104,17
758,NBA,2022,regular,1/30/2023,8:00 PM,finished,14,20,111,118,7
759,NBA,2022,regular,1/30/2023,8:00 PM,finished,24,6,120,128,8
760,NBA,2022,regular,1/30/2023,8:00 PM,finished,22,25,106,127,21
761,NBA,2022,regular,1/30/2023,8:30 PM,finished,2,27,111,105,6
762,NBA,2022,regular,1/30/2023,9:00 PM,finished,16,23,114,106,8
763,NBA,2022,regular,1/30/2023,10:00 PM,finished,18,1,129,125,4
764,NBA,2022,regular,1/31/2023,7:00 PM,finished,5,9,97,100,3
765,NBA,2022,regular,1/31/2023,7:30 PM,finished,15,12,123,129,6
766,NBA,2022,regular,1/31/2023,8:00 PM,finished,7,10,103,108,5
767,NBA,2022,regular,1/31/2023,8:00 PM,finished,11,29,124,115,9
768,NBA,2022,regular,1/31/2023,10:00 PM,finished,4,0,122,113,9
769,NBA,2022,regular,2/1/2023,7:00 PM,finished,21,17,105,94,11
770,NBA,2022,regular,2/1/2023,7:00 PM,finished,28,18,112,122,10
771,NBA,2022,regular,2/1/2023,7:30 PM,finished,3,13,139,96,43
772,NBA,2022,regular,2/1/2023,8:00 PM,finished,8,24,112,106,6
773,NBA,2022,regular,2/1/2023,8:00 PM,finished,14,6,119,114,5
774,NBA,2022,regular,2/1/2023,8:00 PM,finished,22,20,109,119,10
775,NBA,2022,regular,2/1/2023,9:00 PM,finished,26,23,131,128,3
776,NBA,2022,regular,2/1/2023,10:00 PM,finished,16,1,100,132,32
777,NBA,2022,regular,2/2/2023,7:00 PM,finished,19,12,111,112,1
778,NBA,2022,regular,2/2/2023,7:30 PM,finished,5,28,128,113,15
779,NBA,2022,regular,2/2/2023,7:30 PM,finished,15,9,106,104,2
780,NBA,2022,regular,2/2/2023,8:00 PM,finished,7,29,114,98,16
781,NBA,2022,regular,2/2/2023,8:30 PM,finished,2,0,111,106,5
782,NBA,2022,regular,2/2/2023,9:00 PM,finished,4,6,134,117,17
783,NBA,2022,regular,2/2/2023,10:00 PM,finished,11,10,106,105,1
784,NBA,2022,regular,2/3/2023,7:00 PM,finished,27,29,118,112,6
785,NBA,2022,regular,2/3/2023,7:00 PM,finished,19,20,107,104,3
786,NBA,2022,regular,2/3/2023,7:00 PM,finished,25,18,116,124,8
787,NBA,2022,regular,2/3/2023,7:30 PM,finished,3,16,94,106,12
788,NBA,2022,regular,2/3/2023,8:00 PM,finished,8,23,111,117,6
789,NBA,2022,regular,2/3/2023,8:00 PM,finished,14,17,120,127,7
790,NBA,2022,regular,2/3/2023,8:00 PM,finished,22,21,125,137,12
791,NBA,2022,regular,2/3/2023,9:00 PM,finished,26,1,108,115,7
792,NBA,2022,regular,2/4/2023,6:00 PM,finished,13,25,125,123,2
793,NBA,2022,regular,2/4/2023,7:00 PM,finished,27,16,100,116,16
794,NBA,2022,regular,2/4/2023,7:00 PM,finished,15,10,128,134,6
795,NBA,2022,regular,2/4/2023,8:00 PM,finished,7,18,129,121,8
796,NBA,2022,regular,2/4/2023,8:00 PM,finished,11,9,123,115,8
797,NBA,2022,regular,2/4/2023,6:00 PM,finished,0,12,131,126,5
798,NBA,2022,regular,2/4/2023,8:00 PM,finished,24,8,153,121,32
799,NBA,2022,regular,2/4/2023,8:30 PM,finished,6,2,119,113,6
800,NBA,2022,regular,2/4/2023,9:00 PM,finished,4,1,128,108,20
801,NBA,2022,regular,2/5/2023,1:00 PM,finished,29,17,113,119,6
802,NBA,2022,regular,2/5/2023,5:00 PM,finished,19,5,103,122,19
803,NBA,2022,regular,2/5/2023,6:00 PM,finished,15,21,108,97,11
804,NBA,2022,regular,2/5/2023,6:00 PM,finished,28,23,103,106,3
805,NBA,2022,regular,2/5/2023,7:00 PM,finished,14,4,128,98,30
806,NBA,2022,regular,2/5/2023,7:00 PM,finished,0,20,136,104,32
807,NBA,2022,regular,2/6/2023,7:00 PM,finished,27,3,99,111,12
808,NBA,2022,regular,2/6/2023,7:00 PM,finished,25,5,91,114,23
809,NBA,2022,regular,2/6/2023,7:30 PM,finished,13,10,116,124,8
810,NBA,2022,regular,2/6/2023,8:00 PM,finished,7,22,128,104,24
811,NBA,2022,regular,2/6/2023,8:00 PM,finished,8,20,120,140,20
812,NBA,2022,regular,2/6/2023,9:00 PM,finished,26,2,111,124,13
813,NBA,2022,regular,2/6/2023,10:00 PM,finished,6,24,141,114,27
814,NBA,2022,regular,2/6/2023,10:00 PM,finished,18,11,108,127,19
815,NBA,2022,regular,2/7/2023,7:00 PM,finished,17,15,98,102,4
816,NBA,2022,regular,2/7/2023,7:30 PM,finished,13,16,112,116,4
817,NBA,2022,regular,2/7/2023,7:30 PM,finished,0,1,116,107,9
818,NBA,2022,regular,2/7/2023,8:00 PM,finished,28,7,104,89,15
819,NBA,2022,regular,2/7/2023,9:00 PM,finished,4,14,146,112,34
820,NBA,2022,regular,2/7/2023,10:00 PM,finished,12,24,130,133,3
821,NBA,2022,regular,2/8/2023,7:00 PM,finished,5,27,113,85,28
822,NBA,2022,regular,2/8/2023,7:00 PM,finished,25,29,118,104,14
823,NBA,2022,regular,2/8/2023,7:30 PM,finished,3,21,106,99,7
824,NBA,2022,regular,2/8/2023,7:30 PM,finished,9,19,116,111,5
825,NBA,2022,regular,2/8/2023,7:30 PM,finished,23,22,112,98,14
826,NBA,2022,regular,2/8/2023,8:00 PM,finished,8,20,128,130,2
827,NBA,2022,regular,2/8/2023,9:00 PM,finished,26,14,118,143,25
828,NBA,2022,regular,2/8/2023,10:00 PM,finished,10,2,104,110,6
829,NBA,2022,regular,2/8/2023,10:00 PM,finished,18,6,125,122,3
830,NBA,2022,regular,2/9/2023,7:00 PM,finished,17,4,115,104,11
831,NBA,2022,regular,2/9/2023,7:30 PM,finished,1,16,116,107,9
832,NBA,2022,regular,2/9/2023,7:30 PM,finished,13,7,116,105,11
833,NBA,2022,regular,2/9/2023,10:00 PM,finished,12,11,106,115,9
834,NBA,2022,regular,2/10/2023,7:00 PM,finished,27,22,138,131,7
835,NBA,2022,regular,2/10/2023,7:00 PM,finished,19,16,104,117,13
836,NBA,2022,regular,2/10/2023,7:00 PM,finished,21,15,119,108,11
837,NBA,2022,regular,2/10/2023,7:30 PM,finished,3,29,127,116,11
838,NBA,2022,regular,2/10/2023,7:30 PM,finished,23,26,116,122,6
839,NBA,2022,regular,2/10/2023,8:00 PM,finished,9,8,97,95,2
840,NBA,2022,regular,2/10/2023,8:00 PM,finished,28,14,128,107,21
841,NBA,2022,regular,2/10/2023,10:00 PM,finished,0,5,107,118,11
842,NBA,2022,regular,2/10/2023,10:00 PM,finished,18,24,129,138,9
843,NBA,2022,regular,2/10/2023,10:00 PM,finished,20,2,114,122,8
844,NBA,2022,regular,2/10/2023,10:30 PM,finished,10,11,106,119,13
845,NBA,2022,regular,2/11/2023,6:00 PM,finished,13,21,98,101,3
846,NBA,2022,regular,2/11/2023,7:00 PM,finished,29,4,105,119,14
847,NBA,2022,regular,2/11/2023,7:00 PM,finished,17,9,103,107,4
848,NBA,2022,regular,2/11/2023,7:00 PM,finished,25,19,127,113,14
849,NBA,2022,regular,2/11/2023,7:30 PM,finished,1,22,125,106,19
850,NBA,2022,regular,2/11/2023,7:30 PM,finished,15,26,126,120,6
851,NBA,2022,regular,2/11/2023,8:00 PM,finished,5,7,97,89,8
852,NBA,2022,regular,2/11/2023,8:30 PM,finished,6,12,103,109,6
853,NBA,2022,regular,2/11/2023,10:00 PM,finished,20,2,133,128,5
854,NBA,2022,regular,2/12/2023,2:00 PM,finished,3,28,119,109,10
855,NBA,2022,regular,2/12/2023,3:00 PM,finished,23,27,119,118,1
856,NBA,2022,regular,2/13/2023,7:00 PM,finished,29,1,144,138,6
857,NBA,2022,regular,2/13/2023,7:00 PM,finished,5,22,117,109,8
858,NBA,2022,regular,2/13/2023,7:00 PM,finished,19,26,117,123,6
859,NBA,2022,regular,2/13/2023,7:00 PM,finished,21,8,123,104,19
860,NBA,2022,regular,2/13/2023,7:30 PM,finished,9,4,108,112,4
861,NBA,2022,regular,2/13/2023,7:30 PM,finished,15,13,124,106,18
862,NBA,2022,regular,2/13/2023,8:00 PM,finished,7,17,91,100,9
863,NBA,2022,regular,2/13/2023,8:00 PM,finished,24,0,100,103,3
864,NBA,2022,regular,2/13/2023,8:30 PM,finished,2,14,121,124,3
865,NBA,2022,regular,2/13/2023,10:00 PM,finished,6,25,135,126,9
866,NBA,2022,regular,2/13/2023,10:00 PM,finished,18,12,127,115,12
867,NBA,2022,regular,2/14/2023,7:30 PM,finished,23,17,123,113,10
868,NBA,2022,regular,2/14/2023,7:30 PM,finished,11,3,131,125,6
869,NBA,2022,regular,2/14/2023,9:00 PM,finished,16,20,120,109,11
870,NBA,2022,regular,2/14/2023,10:00 PM,finished,10,6,134,124,10
871,NBA,2022,regular,2/14/2023,10:00 PM,finished,18,25,101,126,25
872,NBA,2022,regular,2/15/2023,7:00 PM,finished,29,22,120,110,10
873,NBA,2022,regular,2/15/2023,7:00 PM,finished,19,7,117,113,4
874,NBA,2022,regular,2/15/2023,7:30 PM,finished,21,5,118,112,6
875,NBA,2022,regular,2/15/2023,7:30 PM,finished,1,15,101,122,21
876,NBA,2022,regular,2/15/2023,7:30 PM,finished,3,27,127,109,18
877,NBA,2022,regular,2/15/2023,7:30 PM,finished,13,9,116,105,11
878,NBA,2022,regular,2/15/2023,8:00 PM,finished,28,26,117,111,6
879,NBA,2022,regular,2/15/2023,8:00 PM,finished,24,8,133,96,37
880,NBA,2022,regular,2/15/2023,9:00 PM,finished,4,2,118,109,9
881,NBA,2022,regular,2/15/2023,10:00 PM,finished,12,0,120,102,18
882,NBA,2022,regular,2/16/2023,7:30 PM,finished,7,11,100,112,12
883,NBA,2022,regular,2/16/2023,8:00 PM,finished,14,25,106,114,8
884,NBA,2022,regular,2/16/2023,10:00 PM,finished,16,10,107,116,9
885,NBA,2022,regular,2/23/2023,7:00 PM,finished,5,4,109,115,6
886,NBA,2022,regular,2/23/2023,7:00 PM,finished,19,3,138,142,4
887,NBA,2022,regular,2/23/2023,7:00 PM,finished,17,27,108,106,2
888,NBA,2022,regular,2/23/2023,7:30 PM,finished,21,28,110,105,5
889,NBA,2022,regular,2/23/2023,7:30 PM,finished,23,0,115,110,5
890,NBA,2022,regular,2/23/2023,8:30 PM,finished,2,22,142,116,26
891,NBA,2022,regular,2/23/2023,9:00 PM,finished,26,24,120,119,1
892,NBA,2022,regular,2/23/2023,10:00 PM,finished,12,6,124,111,13
893,NBA,2022,regular,2/23/2023,10:00 PM,finished,20,18,133,116,17
894,NBA,2022,regular,2/24/2023,7:00 PM,finished,25,15,109,115,6
895,NBA,2022,regular,2/24/2023,7:30 PM,finished,1,5,136,119,17
896,NBA,2022,regular,2/24/2023,7:30 PM,finished,11,9,128,99,29
897,NBA,2022,regular,2/24/2023,8:00 PM,finished,14,29,113,121,8
898,NBA,2022,regular,2/24/2023,10:00 PM,finished,16,24,124,115,9
899,NBA,2022,regular,2/24/2023,8:00 PM,finished,7,13,131,87,44
900,NBA,2022,regular,2/24/2023,10:00 PM,finished,6,8,116,101,15
901,NBA,2022,regular,2/24/2023,10:30 PM,finished,10,20,175,176,1
902,NBA,2022,regular,2/25/2023,12:00 PM,finished,27,23,91,95,4
903,NBA,2022,regular,2/25/2023,7:00 PM,finished,29,9,108,103,5
904,NBA,2022,regular,2/25/2023,7:00 PM,finished,17,19,108,121,13
905,NBA,2022,regular,2/25/2023,7:30 PM,finished,15,0,128,106,22
906,NBA,2022,regular,2/25/2023,8:00 PM,finished,28,4,112,94,18
907,NBA,2022,regular,2/25/2023,8:30 PM,finished,21,3,107,110,3
908,NBA,2022,regular,2/25/2023,9:00 PM,finished,26,22,118,102,16
909,NBA,2022,regular,2/26/2023,1:00 PM,finished,11,16,104,101,3
910,NBA,2022,regular,2/26/2023,3:00 PM,finished,1,13,129,127,2
911,NBA,2022,regular,2/26/2023,3:30 PM,finished,7,25,102,82,20
912,NBA,2022,regular,2/26/2023,3:30 PM,finished,2,12,108,111,3
913,NBA,2022,regular,2/26/2023,6:00 PM,finished,5,23,118,93,25
914,NBA,2022,regular,2/26/2023,7:00 PM,finished,24,20,115,124,9
915,NBA,2022,regular,2/26/2023,7:30 PM,finished,6,14,109,104,5
916,NBA,2022,regular,2/26/2023,9:00 PM,finished,18,8,131,114,17
917,NBA,2022,regular,2/26/2023,10:00 PM,finished,4,10,134,124,10
918,NBA,2022,regular,2/27/2023,7:00 PM,finished,29,27,117,106,11
919,NBA,2022,regular,2/27/2023,7:00 PM,finished,21,9,99,101,2
920,NBA,2022,regular,2/27/2023,7:30 PM,finished,15,3,109,94,15
921,NBA,2022,regular,2/27/2023,8:00 PM,finished,0,17,93,101,8
922,NBA,2022,regular,2/28/2023,7:30 PM,finished,1,25,116,119,3
923,NBA,2022,regular,2/28/2023,7:30 PM,finished,13,11,104,118,14
924,NBA,2022,regular,2/28/2023,7:30 PM,finished,23,7,104,98,6
925,NBA,2022,regular,2/28/2023,8:00 PM,finished,8,4,112,133,21
926,NBA,2022,regular,2/28/2023,7:30 PM,finished,28,12,121,109,12
927,NBA,2022,regular,2/28/2023,8:00 PM,finished,24,20,117,123,6
928,NBA,2022,regular,2/28/2023,8:30 PM,finished,2,19,122,124,2
929,NBA,2022,regular,2/28/2023,9:00 PM,finished,26,22,94,102,8
930,NBA,2022,regular,2/28/2023,10:00 PM,finished,6,18,123,105,18
931,NBA,2022,regular,2/28/2023,10:00 PM,finished,10,14,101,108,7
932,NBA,2022,regular,3/1/2023,7:00 PM,finished,29,16,91,105,14
933,NBA,2022,regular,3/1/2023,7:00 PM,finished,27,7,115,117,2
934,NBA,2022,regular,3/1/2023,7:30 PM,finished,3,5,117,113,4
935,NBA,2022,regular,3/1/2023,7:30 PM,finished,9,21,96,119,23
936,NBA,2022,regular,3/1/2023,7:30 PM,finished,15,13,142,118,24
937,NBA,2022,regular,3/1/2023,8:00 PM,finished,8,28,99,113,14
938,NBA,2022,regular,3/1/2023,8:00 PM,finished,11,17,139,117,22
939,NBA,2022,regular,3/1/2023,8:00 PM,finished,24,12,117,123,6
940,NBA,2022,regular,3/1/2023,10:00 PM,finished,18,0,110,121,11
941,NBA,2022,regular,3/2/2023,7:00 PM,finished,25,23,119,108,11
942,NBA,2022,regular,3/2/2023,7:30 PM,finished,2,21,133,126,7
943,NBA,2022,regular,3/2/2023,8:30 PM,finished,22,19,110,99,11
944,NBA,2022,regular,3/2/2023,10:00 PM,finished,6,10,115,91,24
945,NBA,2022,regular,3/3/2023,7:00 PM,finished,29,17,106,117,11
946,NBA,2022,regular,3/3/2023,7:30 PM,finished,1,18,129,111,18
947,NBA,2022,regular,3/3/2023,7:30 PM,finished,3,13,105,115,10
948,NBA,2022,regular,3/3/2023,8:00 PM,finished,9,15,120,122,2
949,NBA,2022,regular,3/3/2023,8:00 PM,finished,7,16,104,125,21
950,NBA,2022,regular,3/3/2023,8:00 PM,finished,24,26,130,103,27
951,NBA,2022,regular,3/3/2023,10:00 PM,finished,4,28,113,97,16
952,NBA,2022,regular,3/3/2023,10:00 PM,finished,6,0,108,99,9
953,NBA,2022,regular,3/3/2023,10:00 PM,finished,20,10,128,127,1
954,NBA,2022,regular,3/3/2023,10:30 PM,finished,12,14,102,110,8
955,NBA,2022,regular,3/4/2023,5:00 PM,finished,25,23,109,116,7
956,NBA,2022,regular,3/4/2023,7:30 PM,finished,5,27,114,90,24
957,NBA,2022,regular,3/4/2023,8:00 PM,finished,9,1,117,109,8
958,NBA,2022,regular,3/4/2023,8:00 PM,finished,22,8,110,122,12
959,NBA,2022,regular,3/4/2023,8:30 PM,finished,11,21,130,133,3
960,NBA,2022,regular,3/4/2023,10:00 PM,finished,20,14,134,138,4
961,NBA,2022,regular,3/5/2023,1:00 PM,finished,2,16,126,130,4
962,NBA,2022,regular,3/5/2023,3:30 PM,finished,7,19,122,125,3
963,NBA,2022,regular,3/5/2023,3:30 PM,finished,12,6,113,105,8
964,NBA,2022,regular,3/5/2023,6:00 PM,finished,13,29,102,86,16
965,NBA,2022,regular,3/5/2023,6:00 PM,finished,17,18,119,122,3
966,NBA,2022,regular,3/5/2023,7:00 PM,finished,8,22,142,110,32
967,NBA,2022,regular,3/5/2023,7:00 PM,finished,24,26,129,119,10
968,NBA,2022,regular,3/5/2023,7:30 PM,finished,3,15,129,131,2
969,NBA,2022,regular,3/5/2023,10:00 PM,finished,10,28,135,129,6
970,NBA,2022,regular,3/5/2023,7:30 PM,finished,25,11,111,117,6
971,NBA,2022,regular,3/6/2023,7:00 PM,finished,5,3,118,114,4
972,NBA,2022,regular,3/6/2023,7:00 PM,finished,19,21,143,147,4
973,NBA,2022,regular,3/6/2023,7:30 PM,finished,9,1,130,128,2
974,NBA,2022,regular,3/6/2023,9:00 PM,finished,4,23,118,113,5
975,NBA,2022,regular,3/6/2023,10:00 PM,finished,20,0,123,108,15
976,NBA,2022,regular,3/6/2023,7:00 PM,finished,27,18,104,110,6
977,NBA,2022,regular,3/7/2023,7:00 PM,finished,27,25,117,119,2
978,NBA,2022,regular,3/7/2023,7:00 PM,finished,17,11,123,134,11
979,NBA,2022,regular,3/7/2023,7:30 PM,finished,15,29,105,112,7
980,NBA,2022,regular,3/7/2023,7:30 PM,finished,14,21,94,117,23
981,NBA,2022,regular,3/7/2023,8:00 PM,finished,8,13,96,118,22
982,NBA,2022,regular,3/7/2023,8:00 PM,finished,24,6,137,128,9
983,NBA,2022,regular,3/7/2023,8:30 PM,finished,2,26,120,116,4
984,NBA,2022,regular,3/7/2023,10:00 PM,finished,12,28,112,103,9
985,NBA,2022,regular,3/8/2023,7:00 PM,finished,25,1,120,122,2
986,NBA,2022,regular,3/8/2023,7:30 PM,finished,3,18,115,93,22
987,NBA,2022,regular,3/8/2023,7:30 PM,finished,9,5,100,104,4
988,NBA,2022,regular,3/8/2023,7:30 PM,finished,0,2,113,106,7
989,NBA,2022,regular,3/8/2023,9:00 PM,finished,4,7,96,117,21
990,NBA,2022,regular,3/8/2023,9:00 PM,finished,16,24,132,101,31
991,NBA,2022,regular,3/8/2023,10:00 PM,finished,10,23,108,100,8
992,NBA,2022,regular,3/9/2023,7:00 PM,finished,27,29,103,113,10
993,NBA,2022,regular,3/9/2023,7:00 PM,finished,19,8,134,125,9
994,NBA,2022,regular,3/9/2023,7:00 PM,finished,17,26,124,131,7
995,NBA,2022,regular,3/9/2023,8:00 PM,finished,11,13,118,113,5
996,NBA,2022,regular,3/9/2023,7:30 PM,finished,28,6,131,110,21
997,NBA,2022,regular,3/9/2023,10:00 PM,finished,20,15,122,117,5
998,NBA,2022,regular,3/10/2023,7:00 PM,finished,21,18,120,119,1
999,NBA,2022,regular,3/10/2023,7:00 PM,finished,25,1,107,114,7
1000,NBA,2022,regular,3/10/2023,8:00 PM,finished,9,5,119,115,4
1001,NBA,2022,regular,3/10/2023,8:00 PM,finished,14,13,123,124,1
1002,NBA,2022,regular,3/10/2023,8:00 PM,finished,22,4,128,120,8
1003,NBA,2022,regular,3/10/2023,10:30 PM,finished,12,23,122,112,10
1004,NBA,2022,regular,3/11/2023,4:00 PM,finished,10,15,106,95,11
1005,NBA,2022,regular,3/11/2023,7:00 PM,finished,29,26,111,119,8
1006,NBA,2022,regular,3/11/2023,7:00 PM,finished,27,19,115,121,6
1007,NBA,2022,regular,3/11/2023,7:00 PM,finished,17,9,126,114,12
1008,NBA,2022,regular,3/11/2023,7:30 PM,finished,1,3,125,134,9
1009,NBA,2022,regular,3/11/2023,8:00 PM,finished,8,7,111,119,8
1010,NBA,2022,regular,3/11/2023,8:00 PM,finished,28,2,112,108,4
1011,NBA,2022,regular,3/11/2023,8:30 PM,finished,0,24,96,110,14
1012,NBA,2022,regular,3/11/2023,8:30 PM,finished,6,11,125,116,9
1013,NBA,2022,regular,3/11/2023,9:00 PM,finished,16,20,119,128,9
1014,NBA,2022,regular,3/12/2023,3:30 PM,finished,4,13,120,122,2
1015,NBA,2022,regular,3/12/2023,5:00 PM,finished,29,5,108,114,6
1016,NBA,2022,regular,3/12/2023,6:00 PM,finished,21,25,112,93,19
1017,NBA,2022,regular,3/12/2023,7:00 PM,finished,0,18,127,110,17
1018,NBA,2022,regular,3/12/2023,7:00 PM,finished,22,24,90,102,12
1019,NBA,2022,regular,3/12/2023,9:00 PM,finished,12,15,108,112,4
1020,NBA,2022,regular,3/13/2023,7:00 PM,finished,27,19,117,97,20
1021,NBA,2022,regular,3/13/2023,7:30 PM,finished,1,14,115,136,21
1022,NBA,2022,regular,3/13/2023,7:30 PM,finished,9,26,119,115,4
1023,NBA,2022,regular,3/13/2023,7:30 PM,finished,2,28,88,104,16
1024,NBA,2022,regular,3/13/2023,8:00 PM,finished,8,3,111,109,2
1025,NBA,2022,regular,3/13/2023,10:00 PM,finished,6,16,123,112,11
1026,NBA,2022,regular,3/13/2023,10:00 PM,finished,20,11,124,133,9
1027,NBA,2022,regular,3/14/2023,7:00 PM,finished,29,5,104,120,16
1028,NBA,2022,regular,3/14/2023,7:00 PM,finished,25,27,117,97,20
1029,NBA,2022,regular,3/14/2023,7:30 PM,finished,23,4,125,110,15
1030,NBA,2022,regular,3/14/2023,8:00 PM,finished,0,12,108,123,15
1031,NBA,2022,regular,3/14/2023,8:00 PM,finished,24,13,121,107,14
1032,NBA,2022,regular,3/14/2023,8:00 PM,finished,22,17,132,114,18
1033,NBA,2022,regular,3/14/2023,10:00 PM,finished,16,11,104,116,12
1034,NBA,2022,regular,3/14/2023,10:00 PM,finished,18,15,107,123,16
1035,NBA,2022,regular,3/15/2023,7:30 PM,finished,5,21,109,118,9
1036,NBA,2022,regular,3/15/2023,7:30 PM,finished,9,28,138,119,19
1037,NBA,2022,regular,3/15/2023,8:00 PM,finished,7,20,114,117,3
1038,NBA,2022,regular,3/15/2023,8:00 PM,finished,8,12,114,110,4
1039,NBA,2022,regular,3/15/2023,8:00 PM,finished,14,3,102,104,2
1040,NBA,2022,regular,3/15/2023,8:30 PM,finished,22,2,128,137,9
1041,NBA,2022,regular,3/15/2023,10:00 PM,finished,10,6,134,126,8
1042,NBA,2022,regular,3/16/2023,7:00 PM,finished,27,4,100,119,19
1043,NBA,2022,regular,3/16/2023,7:30 PM,finished,13,20,96,101,5
1044,NBA,2022,regular,3/16/2023,7:30 PM,finished,23,24,128,111,17
1045,NBA,2022,regular,3/16/2023,8:00 PM,finished,11,19,123,139,16
1046,NBA,2022,regular,3/16/2023,10:00 PM,finished,16,17,116,113,3
1047,NBA,2022,regular,3/17/2023,7:00 PM,finished,29,21,82,121,39
1048,NBA,2022,regular,3/17/2023,7:30 PM,finished,1,6,127,119,8
1049,NBA,2022,regular,3/17/2023,7:30 PM,finished,5,25,117,94,23
1050,NBA,2022,regular,3/17/2023,8:00 PM,finished,7,14,139,131,8
1051,NBA,2022,regular,3/17/2023,8:00 PM,finished,8,0,114,112,2
1052,NBA,2022,regular,3/17/2023,8:00 PM,finished,22,28,120,126,6
1053,NBA,2022,regular,3/17/2023,10:00 PM,finished,18,3,112,126,14
1054,NBA,2022,regular,3/17/2023,10:30 PM,finished,12,2,110,111,1
1055,NBA,2022,regular,3/18/2023,1:00 PM,finished,15,4,116,110,6
1056,NBA,2022,regular,3/18/2023,3:00 PM,finished,10,17,108,113,5
1057,NBA,2022,regular,3/18/2023,7:00 PM,finished,19,21,121,141,20
1058,NBA,2022,regular,3/18/2023,7:00 PM,finished,23,14,122,107,15
1059,NBA,2022,regular,3/18/2023,8:00 PM,finished,25,20,118,132,14
1060,NBA,2022,regular,3/18/2023,8:00 PM,finished,7,9,113,99,14
1061,NBA,2022,regular,3/18/2023,8:00 PM,finished,28,6,133,119,14
1062,NBA,2022,regular,3/18/2023,9:00 PM,finished,26,3,118,117,1
1063,NBA,2022,regular,3/19/2023,3:30 PM,finished,13,4,102,108,6
1064,NBA,2022,regular,3/19/2023,3:30 PM,finished,24,16,124,120,4
1065,NBA,2022,regular,3/19/2023,4:00 PM,finished,22,1,126,118,8
1066,NBA,2022,regular,3/19/2023,6:00 PM,finished,27,9,100,112,12
1067,NBA,2022,regular,3/19/2023,7:00 PM,finished,8,0,107,117,10
1068,NBA,2022,regular,3/19/2023,8:00 PM,finished,11,23,118,111,7
1069,NBA,2022,regular,3/19/2023,9:00 PM,finished,18,10,102,117,15
1070,NBA,2022,regular,3/19/2023,9:30 PM,finished,12,17,111,105,6
1071,NBA,2022,regular,3/20/2023,7:00 PM,finished,29,19,115,109,6
1072,NBA,2022,regular,3/20/2023,7:00 PM,finished,21,7,105,109,4
1073,NBA,2022,regular,3/20/2023,7:30 PM,finished,15,14,134,140,6
1074,NBA,2022,regular,3/20/2023,8:00 PM,finished,8,6,108,121,13
1075,NBA,2022,regular,3/20/2023,8:00 PM,finished,28,2,112,108,4
1076,NBA,2022,regular,3/20/2023,9:00 PM,finished,26,20,128,120,8
1077,NBA,2022,regular,3/21/2023,7:00 PM,finished,17,25,122,112,10
1078,NBA,2022,regular,3/21/2023,7:30 PM,finished,1,27,129,107,22
1079,NBA,2022,regular,3/21/2023,7:30 PM,finished,13,5,109,115,6
1080,NBA,2022,regular,3/21/2023,8:00 PM,finished,0,22,119,84,35
1081,NBA,2022,regular,3/21/2023,10:00 PM,finished,20,3,109,132,23
1082,NBA,2022,regular,3/21/2023,10:30 PM,finished,10,24,100,101,1
1083,NBA,2022,regular,3/22/2023,7:00 PM,finished,25,4,104,118,14
1084,NBA,2022,regular,3/22/2023,7:30 PM,finished,9,15,127,120,7
1085,NBA,2022,regular,3/22/2023,7:30 PM,finished,23,19,114,118,4
1086,NBA,2022,regular,3/22/2023,7:30 PM,finished,2,6,125,127,2
1087,NBA,2022,regular,3/22/2023,8:00 PM,finished,7,21,91,116,25
1088,NBA,2022,regular,3/22/2023,8:00 PM,finished,28,8,130,125,5
1089,NBA,2022,regular,3/22/2023,8:00 PM,finished,11,22,130,94,36
1090,NBA,2022,regular,3/22/2023,8:00 PM,finished,14,1,125,124,1
1091,NBA,2022,regular,3/22/2023,9:00 PM,finished,26,18,115,127,12
1092,NBA,2022,regular,3/22/2023,10:00 PM,finished,12,16,122,111,11
1093,NBA,2022,regular,3/23/2023,7:00 PM,finished,17,15,111,106,5
1094,NBA,2022,regular,3/23/2023,7:30 PM,finished,13,5,114,116,2
1095,NBA,2022,regular,3/23/2023,8:00 PM,finished,0,29,115,96,19
1096,NBA,2022,regular,3/23/2023,10:30 PM,finished,10,24,127,105,22
1097,NBA,2022,regular,3/24/2023,7:00 PM,finished,3,19,120,95,25
1098,NBA,2022,regular,3/24/2023,7:00 PM,finished,25,22,136,124,12
1099,NBA,2022,regular,3/24/2023,7:30 PM,finished,23,27,118,97,21
1100,NBA,2022,regular,3/24/2023,8:00 PM,finished,28,8,151,114,37
1101,NBA,2022,regular,3/24/2023,8:30 PM,finished,2,29,109,117,8
1102,NBA,2022,regular,3/24/2023,9:00 PM,finished,26,11,116,144,28
1103,NBA,2022,regular,3/24/2023,10:00 PM,finished,6,21,120,112,8
1104,NBA,2022,regular,3/24/2023,10:00 PM,finished,18,7,96,124,28
1105,NBA,2022,regular,3/24/2023,10:00 PM,finished,20,16,135,127,8
1106,NBA,2022,regular,3/24/2023,10:30 PM,finished,12,24,116,111,5
1107,NBA,2022,regular,3/25/2023,5:00 PM,finished,1,19,143,130,13
1108,NBA,2022,regular,3/25/2023,8:00 PM,finished,9,13,100,129,29
1109,NBA,2022,regular,3/25/2023,9:00 PM,finished,4,11,129,106,23
1110,NBA,2022,regular,3/25/2023,10:00 PM,finished,16,21,125,105,20
1111,NBA,2022,regular,3/25/2023,10:00 PM,finished,20,26,121,113,8
1112,NBA,2022,regular,3/25/2023,10:30 PM,finished,10,0,110,131,21
1113,NBA,2022,regular,3/26/2023,1:00 PM,finished,29,2,110,104,6
1114,NBA,2022,regular,3/26/2023,3:30 PM,finished,12,7,108,118,10
1115,NBA,2022,regular,3/26/2023,6:00 PM,finished,1,28,119,123,4
1116,NBA,2022,regular,3/26/2023,6:00 PM,finished,3,22,137,93,44
1117,NBA,2022,regular,3/26/2023,6:00 PM,finished,5,8,108,91,17
1118,NBA,2022,regular,3/26/2023,6:00 PM,finished,17,13,119,106,13
1119,NBA,2022,regular,3/26/2023,6:00 PM,finished,23,25,114,104,10
1120,NBA,2022,regular,3/26/2023,7:00 PM,finished,18,24,112,118,6
1121,NBA,2022,regular,3/26/2023,8:30 PM,finished,6,14,96,99,3
1122,NBA,2022,regular,3/27/2023,7:00 PM,finished,27,11,117,126,9
1123,NBA,2022,regular,3/27/2023,7:00 PM,finished,19,2,104,127,23
1124,NBA,2022,regular,3/27/2023,7:30 PM,finished,15,8,137,115,22
1125,NBA,2022,regular,3/27/2023,9:00 PM,finished,26,16,103,117,14
1126,NBA,2022,regular,3/27/2023,9:30 PM,finished,4,21,116,111,5
1127,NBA,2022,regular,3/27/2023,10:00 PM,finished,18,0,90,124,34
1128,NBA,2022,regular,3/27/2023,10:00 PM,finished,20,14,115,119,4
1129,NBA,2022,regular,3/27/2023,10:30 PM,finished,10,7,124,112,12
1130,NBA,2022,regular,3/28/2023,7:00 PM,finished,25,3,130,111,19
1131,NBA,2022,regular,3/28/2023,7:30 PM,finished,1,5,120,118,2
1132,NBA,2022,regular,3/28/2023,7:30 PM,finished,23,9,106,92,14
1133,NBA,2022,regular,3/28/2023,8:00 PM,finished,28,17,113,108,5
1134,NBA,2022,regular,3/28/2023,8:00 PM,finished,24,29,134,137,3
1135,NBA,2022,regular,3/28/2023,10:00 PM,finished,6,0,120,109,11
1136,NBA,2022,regular,3/29/2023,7:00 PM,finished,19,11,136,149,13
1137,NBA,2022,regular,3/29/2023,7:30 PM,finished,13,8,123,114,9
1138,NBA,2022,regular,3/29/2023,7:30 PM,finished,15,9,101,92,9
1139,NBA,2022,regular,3/29/2023,7:30 PM,finished,21,2,116,108,8
1140,NBA,2022,regular,3/29/2023,8:00 PM,finished,7,12,110,121,11
1141,NBA,2022,regular,3/29/2023,8:00 PM,finished,28,10,132,141,9
1142,NBA,2022,regular,3/29/2023,8:00 PM,finished,24,27,107,106,1
1143,NBA,2022,regular,3/29/2023,8:00 PM,finished,22,26,117,128,11
1144,NBA,2022,regular,3/29/2023,10:00 PM,finished,16,14,107,100,7
1145,NBA,2022,regular,3/29/2023,10:00 PM,finished,18,20,80,120,40
1146,NBA,2022,regular,3/30/2023,7:30 PM,finished,11,3,99,140,41
1147,NBA,2022,regular,3/30/2023,10:00 PM,finished,4,0,88,107,19
1148,NBA,2022,regular,3/31/2023,7:00 PM,finished,29,7,91,121,30
1149,NBA,2022,regular,3/31/2023,7:00 PM,finished,19,24,121,117,4
1150,NBA,2022,regular,3/31/2023,7:00 PM,finished,21,23,117,110,7
1151,NBA,2022,regular,3/31/2023,7:00 PM,finished,25,17,109,116,7
1152,NBA,2022,regular,3/31/2023,7:30 PM,finished,3,26,122,114,8
1153,NBA,2022,regular,3/31/2023,7:30 PM,finished,13,1,124,107,17
1154,NBA,2022,regular,3/31/2023,7:30 PM,finished,5,15,116,130,14
1155,NBA,2022,regular,3/31/2023,8:00 PM,finished,8,27,121,115,6
1156,NBA,2022,regular,3/31/2023,8:00 PM,finished,28,10,108,94,14
1157,NBA,2022,regular,3/31/2023,8:00 PM,finished,14,12,111,123,12
1158,NBA,2022,regular,3/31/2023,10:00 PM,finished,6,22,130,115,15
1159,NBA,2022,regular,3/31/2023,10:00 PM,finished,18,20,114,138,24
1160,NBA,2022,regular,3/31/2023,10:30 PM,finished,16,4,100,93,7
1161,NBA,2022,regular,4/1/2023,7:30 PM,finished,9,2,129,122,7
1162,NBA,2022,regular,4/1/2023,8:30 PM,finished,0,10,122,114,8
1163,NBA,2022,regular,4/2/2023,1:00 PM,finished,29,23,108,128,20
1164,NBA,2022,regular,4/2/2023,3:30 PM,finished,13,26,111,110,1
1165,NBA,2022,regular,4/2/2023,3:30 PM,finished,7,28,128,107,21
1166,NBA,2022,regular,4/2/2023,3:30 PM,finished,14,18,105,107,2
1167,NBA,2022,regular,4/2/2023,6:00 PM,finished,1,2,132,130,2
1168,NBA,2022,regular,4/2/2023,6:00 PM,finished,15,25,118,109,9
1169,NBA,2022,regular,4/2/2023,6:00 PM,finished,17,27,128,102,26
1170,NBA,2022,regular,4/2/2023,6:00 PM,finished,20,22,134,142,8
1171,NBA,2022,regular,4/2/2023,7:00 PM,finished,8,12,109,134,25
1172,NBA,2022,regular,4/2/2023,7:00 PM,finished,24,16,118,128,10
1173,NBA,2022,regular,4/2/2023,8:00 PM,finished,5,19,115,105,10
1174,NBA,2022,regular,4/2/2023,8:00 PM,finished,11,21,117,104,13
1175,NBA,2022,regular,4/2/2023,8:30 PM,finished,4,6,112,110,2
1176,NBA,2022,regular,4/4/2023,7:00 PM,finished,29,23,100,120,20
1177,NBA,2022,regular,4/4/2023,7:00 PM,finished,27,9,105,118,13
1178,NBA,2022,regular,4/4/2023,7:00 PM,finished,17,5,113,117,4
1179,NBA,2022,regular,4/4/2023,7:00 PM,finished,25,11,128,140,12
1180,NBA,2022,regular,4/4/2023,7:30 PM,finished,13,14,102,107,5
1181,NBA,2022,regular,4/4/2023,8:00 PM,finished,21,3,103,101,2
1182,NBA,2022,regular,4/4/2023,8:00 PM,finished,7,1,105,123,18
1183,NBA,2022,regular,4/4/2023,8:00 PM,finished,8,4,124,103,21
1184,NBA,2022,regular,4/4/2023,8:00 PM,finished,28,18,119,109,10
1185,NBA,2022,regular,4/4/2023,8:00 PM,finished,0,20,103,121,18
1186,NBA,2022,regular,4/4/2023,9:00 PM,finished,26,12,133,135,2
1187,NBA,2022,regular,4/4/2023,10:00 PM,finished,6,24,136,125,11
1188,NBA,2022,regular,4/4/2023,10:00 PM,finished,16,22,115,94,21
1189,NBA,2022,regular,4/5/2023,7:00 PM,finished,27,13,108,123,15
1190,NBA,2022,regular,4/5/2023,7:00 PM,finished,19,15,129,138,9
1191,NBA,2022,regular,4/5/2023,7:30 PM,finished,1,25,134,116,18
1192,NBA,2022,regular,4/5/2023,7:30 PM,finished,3,23,97,93,4
1193,NBA,2022,regular,4/5/2023,7:30 PM,finished,11,7,105,92,13
1194,NBA,2022,regular,4/5/2023,8:00 PM,finished,0,28,138,131,7
1195,NBA,2022,regular,4/5/2023,8:30 PM,finished,2,20,123,119,4
1196,NBA,2022,regular,4/5/2023,10:00 PM,finished,10,12,125,118,7
1197,NBA,2022,regular,4/6/2023,7:00 PM,finished,17,5,94,118,24
1198,NBA,2022,regular,4/6/2023,7:30 PM,finished,21,9,101,129,28
1199,NBA,2022,regular,4/6/2023,8:00 PM,finished,22,18,129,127,2
1200,NBA,2022,regular,4/6/2023,9:00 PM,finished,26,24,98,114,16
1201,NBA,2022,regular,4/6/2023,10:00 PM,finished,16,4,119,115,4
1202,NBA,2022,regular,4/7/2023,7:00 PM,finished,29,8,109,112,3
1203,NBA,2022,regular,4/7/2023,7:00 PM,finished,19,27,115,122,7
1204,NBA,2022,regular,4/7/2023,7:00 PM,finished,25,9,114,108,6
1205,NBA,2022,regular,4/7/2023,7:30 PM,finished,1,21,131,136,5
1206,NBA,2022,regular,4/7/2023,7:30 PM,finished,3,23,121,102,19
1207,NBA,2022,regular,4/7/2023,7:30 PM,finished,13,17,101,84,17
1208,NBA,2022,regular,4/7/2023,8:00 PM,finished,11,28,114,137,23
1209,NBA,2022,regular,4/7/2023,8:00 PM,finished,0,15,113,105,8
1210,NBA,2022,regular,4/7/2023,8:30 PM,finished,2,7,112,115,3
1211,NBA,2022,regular,4/7/2023,10:00 PM,finished,20,6,97,119,22
1212,NBA,2022,regular,4/7/2023,10:30 PM,finished,12,16,121,107,14
1213,NBA,2022,regular,4/8/2023,3:30 PM,finished,26,4,118,114,4
1214,NBA,2022,regular,4/8/2023,4:00 PM,finished,22,14,131,151,20
1215,NBA,2022,regular,4/8/2023,4:00 PM,finished,10,18,136,125,11
1216,NBA,2022,regular,4/9/2023,1:00 PM,finished,3,1,120,114,6
1217,NBA,2022,regular,4/9/2023,1:00 PM,finished,13,21,105,134,29
1218,NBA,2022,regular,4/9/2023,1:00 PM,finished,5,29,95,106,11
1219,NBA,2022,regular,4/9/2023,1:00 PM,finished,9,17,123,110,13
1220,NBA,2022,regular,4/9/2023,1:00 PM,finished,15,19,136,141,5
1221,NBA,2022,regular,4/9/2023,1:00 PM,finished,23,11,121,105,16
1222,NBA,2022,regular,4/9/2023,1:00 PM,finished,25,8,109,114,5
1223,NBA,2022,regular,4/9/2023,1:00 PM,finished,7,27,103,81,22
1224,NBA,2022,regular,4/9/2023,3:30 PM,finished,2,22,117,138,21
1225,NBA,2022,regular,4/9/2023,3:30 PM,finished,14,0,113,108,5
1226,NBA,2022,regular,4/9/2023,3:30 PM,finished,24,28,115,100,15
1227,NBA,2022,regular,4/9/2023,3:30 PM,finished,4,20,109,95,14
1228,NBA,2022,regular,4/9/2023,3:30 PM,finished,12,26,128,117,11
1229,NBA,2022,regular,4/9/2023,3:30 PM,finished,16,10,114,119,5
1230,NBA,2022,regular,4/9/2023,3:30 PM,finished,18,6,101,157,56
1231,NBA,2022,playoffs,4/15/2023,3:30 PM,finished,3,1,112,99,13
1232,NBA,2022,playoffs,4/15/2023,8:30 PM,finished,20,6,126,123,3
1233,NBA,2022,playoffs,4/15/2023,6:00 PM,finished,5,15,97,101,4
1234,NBA,2022,playoffs,4/15/2023,1:00 PM,finished,21,13,121,101,20
1235,NBA,2022,playoffs,4/16/2023,3:00 PM,finished,28,12,112,128,16
1236,NBA,2022,playoffs,4/16/2023,8:00 PM,finished,16,10,110,115,5
1237,NBA,2022,playoffs,4/16/2023,10:30 PM,finished,4,14,109,80,29
1238,NBA,2022,playoffs,4/16/2023,5:30 PM,finished,11,9,117,130,13
1239,NBA,2022,playoffs,4/17/2023,7:30 PM,finished,21,13,96,84,12
1240,NBA,2022,playoffs,4/17/2023,10:00 PM,finished,20,6,114,106,8
1241,NBA,2022,playoffs,4/18/2023,10:00 PM,finished,16,10,123,109,14
1242,NBA,2022,playoffs,4/18/2023,7:00 PM,finished,3,1,119,106,13
1243,NBA,2022,playoffs,4/18/2023,7:30 PM,finished,5,15,107,90,17
1244,NBA,2022,playoffs,4/19/2023,10:00 PM,finished,4,14,122,113,9
1245,NBA,2022,playoffs,4/19/2023,7:30 PM,finished,28,12,103,93,10
1246,NBA,2022,playoffs,4/19/2023,9:00 PM,finished,11,9,138,122,16
1247,NBA,2022,playoffs,4/20/2023,10:30 PM,finished,10,16,124,129,5
1248,NBA,2022,playoffs,4/20/2023,10:00 PM,finished,6,20,114,97,17
1249,NBA,2022,playoffs,4/20/2023,7:30 PM,finished,13,21,97,102,5
1250,NBA,2022,playoffs,4/21/2023,7:00 PM,finished,1,3,130,122,8
1251,NBA,2022,playoffs,4/21/2023,9:30 PM,finished,14,4,111,120,9
1252,NBA,2022,playoffs,4/21/2023,8:30 PM,finished,15,5,99,79,20
1253,NBA,2022,playoffs,4/22/2023,10:00 PM,finished,12,28,111,101,10
1254,NBA,2022,playoffs,4/22/2023,7:30 PM,finished,9,11,121,99,22
1255,NBA,2022,playoffs,4/22/2023,1:00 PM,finished,13,21,88,96,8
1256,NBA,2022,playoffs,4/22/2023,3:30 PM,finished,10,16,100,112,12
1257,NBA,2022,playoffs,4/23/2023,9:30 PM,finished,14,4,114,108,6
1258,NBA,2022,playoffs,4/23/2023,7:00 PM,finished,1,3,121,129,8
1259,NBA,2022,playoffs,4/23/2023,1:00 PM,finished,15,5,102,93,9
1260,NBA,2022,playoffs,4/23/2023,3:30 PM,finished,6,20,126,125,1
1261,NBA,2022,playoffs,4/24/2023,10:00 PM,finished,12,28,117,111,6
1262,NBA,2022,playoffs,4/24/2023,7:30 PM,finished,9,11,119,114,5
1263,NBA,2022,playoffs,4/25/2023,7:30 PM,finished,3,1,117,119,2
1264,NBA,2022,playoffs,4/25/2023,9:00 PM,finished,4,14,112,109,3
1265,NBA,2022,playoffs,4/25/2023,10:00 PM,finished,16,10,136,130,6
1266,NBA,2022,playoffs,4/26/2023,7:30 PM,finished,28,12,116,99,17
1267,NBA,2022,playoffs,4/26/2023,10:00 PM,finished,20,6,116,123,7
1268,NBA,2022,playoffs,4/26/2023,9:30 PM,finished,11,9,126,128,2
1269,NBA,2022,playoffs,4/26/2023,7:00 PM,finished,5,15,95,106,11
1270,NBA,2022,playoffs,4/27/2023,8:30 PM,finished,1,3,120,128,8
1271,NBA,2022,playoffs,4/28/2023,10:30 PM,finished,12,28,125,85,40
1272,NBA,2022,playoffs,4/28/2023,8:00 PM,finished,6,20,99,118,19
1273,NBA,2022,playoffs,4/29/2023,8:30 PM,finished,4,16,125,107,18
1274,NBA,2022,playoffs,4/30/2023,1:00 PM,finished,15,9,101,108,7
1275,NBA,2022,playoffs,4/30/2023,3:30 PM,finished,20,6,100,120,20
1276,NBA,2022,playoffs,5/1/2023,10:00 PM,finished,4,16,97,87,10
1277,NBA,2022,playoffs,5/1/2023,7:30 PM,finished,3,21,115,119,4
1278,NBA,2022,playoffs,5/2/2023,7:30 PM,finished,15,9,111,105,6
1279,NBA,2022,playoffs,5/2/2023,10:00 PM,finished,6,12,112,117,5
1280,NBA,2022,playoffs,5/3/2023,8:00 PM,finished,3,21,121,87,34
1281,NBA,2022,playoffs,5/4/2023,9:00 PM,finished,6,12,127,100,27
1282,NBA,2022,playoffs,5/5/2023,7:30 PM,finished,21,3,102,114,12
1283,NBA,2022,playoffs,5/5/2023,10:00 PM,finished,16,4,121,114,7
1284,NBA,2022,playoffs,5/6/2023,3:30 PM,finished,9,15,105,86,19
1285,NBA,2022,playoffs,5/6/2023,8:30 PM,finished,12,6,127,97,30
1286,NBA,2022,playoffs,5/7/2023,3:30 PM,finished,21,3,116,115,1
1287,NBA,2022,playoffs,5/7/2023,8:00 PM,finished,16,4,129,124,5
1288,NBA,2022,playoffs,5/8/2023,7:30 PM,finished,9,15,109,101,8
1289,NBA,2022,playoffs,5/8/2023,10:00 PM,finished,12,6,104,101,3
1290,NBA,2022,playoffs,5/9/2023,7:30 PM,finished,3,21,103,115,12
1291,NBA,2022,playoffs,5/9/2023,10:00 PM,finished,4,16,118,102,16
1292,NBA,2022,playoffs,5/10/2023,10:00 PM,finished,6,12,121,106,15
1293,NBA,2022,playoffs,5/10/2023,7:30 PM,finished,15,9,112,103,9
1294,NBA,2022,playoffs,5/11/2023,10:00 PM,finished,16,4,100,125,25
1295,NBA,2022,playoffs,5/11/2023,7:30 PM,finished,21,3,86,95,9
1296,NBA,2022,playoffs,5/12/2023,10:00 PM,finished,12,6,122,101,21
1297,NBA,2022,playoffs,5/12/2023,7:30 PM,finished,9,15,96,92,4
1298,NBA,2022,playoffs,5/14/2023,3:30 PM,finished,3,21,112,88,24
1299,NBA,2022,playoffs,5/16/2023,8:30 PM,finished,4,12,132,126,6
1300,NBA,2022,playoffs,5/17/2023,8:30 PM,finished,3,9,116,123,7
1301,NBA,2022,playoffs,5/18/2023,8:30 PM,finished,4,12,108,103,5
1302,NBA,2022,playoffs,5/19/2023,8:30 PM,finished,3,9,105,111,6
1303,NBA,2022,playoffs,5/20/2023,8:30 PM,finished,12,4,108,119,11
1304,NBA,2022,playoffs,5/21/2023,8:30 PM,finished,9,3,128,102,26
1305,NBA,2022,playoffs,5/22/2023,8:30 PM,finished,12,4,111,113,2
1306,NBA,2022,playoffs,5/23/2023,8:30 PM,finished,9,3,99,116,17
1307,NBA,2022,playoffs,5/25/2023,8:30 PM,finished,3,9,110,97,13
1308,NBA,2022,playoffs,5/27/2023,8:30 PM,finished,9,3,103,104,1
1309,NBA,2022,playoffs,5/29/2023,8:30 PM,finished,3,9,84,103,19
1310,NBA,2022,playoffs,6/1/2023,8:30 PM,finished,4,9,104,93,11
1311,NBA,2022,playoffs,6/4/2023,8:00 PM,finished,4,9,108,111,3
1312,NBA,2022,playoffs,6/7/2023,8:30 PM,finished,9,4,94,109,15
1313,NBA,2022,playoffs,6/9/2023,8:30 PM,finished,9,4,95,108,13
1314,NBA,2022,playoffs,6/12/2023,8:30 PM,finished,4,9,94,89,5